periodo,nivel,codigo,produto,postos,mediana,p10,p90,minimo,maximo
2023-05,BR,BR,diesel,3132,5.352,4.9,5.95,4.45,7.69
2023-05,BR,BR,diesel_s10,4997,5.44,4.99,5.99,4.55,9.0
2023-05,BR,BR,gnv,531,4.4,3.99,5.29,3.15,6.59
2023-05,UF,AC,diesel,13,6.115,5.909,6.454,5.82,7.35
2023-05,UF,AC,diesel_s10,13,6.17,6.043,6.502,5.87,7.56
2023-05,UF,AL,diesel,33,5.84,5.01,6.428,4.99,7.67
2023-05,UF,AL,diesel_s10,44,5.59,5.241,6.47,4.99,6.54
2023-05,UF,AL,gnv,11,4.59,4.57,4.59,4.49,5.07
2023-05,UF,AM,diesel,34,5.24,4.99,6.99,4.95,7.29
2023-05,UF,AM,diesel_s10,58,5.54,4.99,7.49,4.95,8.38
2023-05,UF,AM,gnv,1,4.19,4.19,4.19,4.19,4.19
2023-05,UF,AP,diesel,16,5.358,4.97,6.002,4.93,6.59
2023-05,UF,AP,diesel_s10,18,5.608,5.378,6.193,5.18,6.97
2023-05,UF,BA,diesel,178,5.09,4.732,5.862,4.54,7.29
2023-05,UF,BA,diesel_s10,243,5.19,4.78,5.89,4.585,7.9
2023-05,UF,BA,gnv,22,3.99,3.87,4.09,3.77,5.77
2023-05,UF,CE,diesel,34,5.565,5.215,5.887,5.19,6.05
2023-05,UF,CE,diesel_s10,189,5.49,5.014,5.972,4.73,6.79
2023-05,UF,CE,gnv,17,4.29,4.262,4.63,4.19,4.69
2023-05,UF,DF,diesel,40,5.345,4.985,5.581,4.88,5.84
2023-05,UF,DF,diesel_s10,42,5.48,4.998,5.888,4.89,6.04
2023-05,UF,DF,gnv,1,6.04,6.04,6.04,6.04,6.04
2023-05,UF,ES,diesel,67,5.39,4.988,5.69,4.79,6.19
2023-05,UF,ES,diesel_s10,114,5.49,5.126,5.79,4.89,6.99
2023-05,UF,ES,gnv,19,4.79,4.788,5.29,4.74,5.37
2023-05,UF,GO,diesel,161,5.25,4.93,5.64,4.65,6.69
2023-05,UF,GO,diesel_s10,217,5.39,4.99,5.857,4.75,6.39
2023-05,UF,MA,diesel,83,5.22,4.787,5.788,4.61,6.08
2023-05,UF,MA,diesel_s10,153,5.22,4.89,5.646,4.59,6.09
2023-05,UF,MG,diesel,385,5.29,4.967,5.79,4.68,6.45
2023-05,UF,MG,diesel_s10,529,5.39,5.07,5.848,4.78,6.67
2023-05,UF,MG,gnv,20,4.52,4.29,4.99,4.29,5.09
2023-05,UF,MS,diesel,63,5.44,5.036,5.99,4.88,6.59
2023-05,UF,MS,diesel_s10,65,5.47,5.14,5.89,4.98,6.6
2023-05,UF,MS,gnv,4,4.49,4.315,4.56,4.24,4.59
2023-05,UF,MT,diesel,62,5.4,5.072,6.054,4.94,6.55
2023-05,UF,MT,diesel_s10,82,5.61,5.177,6.128,4.89,6.65
2023-05,UF,MT,gnv,1,3.54,3.54,3.54,3.54,3.54
2023-05,UF,PA,diesel,108,5.9,5.428,6.57,5.19,7.69
2023-05,UF,PA,diesel_s10,158,5.88,5.25,6.556,4.88,7.69
2023-05,UF,PB,diesel,39,5.29,4.99,5.666,4.89,6.39
2023-05,UF,PB,diesel_s10,61,5.38,5.09,5.69,4.79,6.99
2023-05,UF,PB,gnv,10,4.245,4.24,4.554,4.24,5.04
2023-05,UF,PE,diesel,12,5.11,4.808,5.376,4.62,5.47
2023-05,UF,PE,diesel_s10,201,5.06,4.87,5.44,4.57,6.65
2023-05,UF,PE,gnv,34,3.15,3.15,3.15,3.15,3.15
2023-05,UF,PI,diesel,38,5.57,5.188,5.876,5.09,6.59
2023-05,UF,PI,diesel_s10,61,5.59,5.24,5.94,4.99,6.75
2023-05,UF,PR,diesel,223,5.19,4.832,5.69,4.55,6.89
2023-05,UF,PR,diesel_s10,351,5.29,4.89,5.79,4.69,7.09
2023-05,UF,PR,gnv,13,5.24,5.09,5.57,4.99,5.59
2023-05,UF,RJ,diesel,212,5.49,5.081,5.99,4.63,6.74
2023-05,UF,RJ,diesel_s10,341,5.59,5.14,5.99,4.69,6.98
2023-05,UF,RJ,gnv,212,4.29,4.09,4.99,3.97,6.59
2023-05,UF,RN,diesel,46,5.29,4.94,5.953,4.85,6.38
2023-05,UF,RN,diesel_s10,61,5.49,4.95,5.99,4.95,6.48
2023-05,UF,RN,gnv,14,4.39,4.329,4.53,4.245,5.95
2023-05,UF,RO,diesel,65,5.92,5.594,6.482,5.04,7.39
2023-05,UF,RO,diesel_s10,66,5.99,5.65,6.445,5.15,7.39
2023-05,UF,RR,diesel,16,6.42,6.235,6.695,6.19,6.95
2023-05,UF,RR,diesel_s10,23,6.425,6.335,6.488,6.29,6.99
2023-05,UF,RS,diesel,301,5.39,4.99,5.9,4.69,7.19
2023-05,UF,RS,diesel_s10,368,5.49,5.09,5.99,4.79,6.79
2023-05,UF,RS,gnv,30,5.22,4.99,5.846,4.89,6.59
2023-05,UF,SC,diesel,127,5.39,5.016,5.862,4.68,6.99
2023-05,UF,SC,diesel_s10,235,5.59,5.09,5.99,4.79,6.99
2023-05,UF,SC,gnv,36,5.445,5.185,5.69,4.99,5.79
2023-05,UF,SE,diesel,17,4.63,4.63,4.866,4.63,5.35
2023-05,UF,SE,diesel_s10,27,4.87,4.78,5.53,4.69,6.19
2023-05,UF,SE,gnv,6,4.68,4.68,4.725,4.68,4.77
2023-05,UF,SP,diesel,713,5.315,4.912,5.89,4.45,6.99
2023-05,UF,SP,diesel_s10,1215,5.44,4.99,5.99,4.55,9.0
2023-05,UF,SP,gnv,80,4.44,3.99,4.997,3.83,5.34
2023-05,UF,TO,diesel,46,5.23,4.925,5.69,4.69,5.89
2023-05,UF,TO,diesel_s10,62,5.29,4.99,5.99,4.69,6.09
2023-05,MUN,AC|CRUZEIRO DO SUL,diesel,1,7.35,7.35,7.35,7.35,7.35
2023-05,MUN,AC|CRUZEIRO DO SUL,diesel_s10,1,7.56,7.56,7.56,7.56,7.56
2023-05,MUN,AC|RIO BRANCO,diesel,12,6.108,5.9,6.344,5.82,6.48
2023-05,MUN,AC|RIO BRANCO,diesel_s10,12,6.155,6.042,6.39,5.87,6.53
2023-05,MUN,AL|ARAPIRACA,diesel,5,5.89,5.75,6.536,5.69,6.7
2023-05,MUN,AL|ARAPIRACA,diesel_s10,16,5.615,5.412,5.985,5.22,6.19
2023-05,MUN,AL|ARAPIRACA,gnv,1,4.49,4.49,4.49,4.49,4.49
2023-05,MUN,AL|DELMIRO GOUVEIA,diesel,7,6.38,6.334,6.676,6.28,7.12
2023-05,MUN,AL|DELMIRO GOUVEIA,diesel_s10,8,6.47,6.326,6.49,6.175,6.49
2023-05,MUN,AL|MACEIO,diesel,7,5.57,5.274,6.596,5.19,7.67
2023-05,MUN,AL|MACEIO,diesel_s10,8,5.535,5.446,5.71,5.39,5.99
2023-05,MUN,AL|MACEIO,gnv,7,4.59,4.582,4.59,4.57,4.59
2023-05,MUN,AL|PALMEIRA DOS INDIOS,diesel,6,5.82,5.495,6.265,5.3,6.44
2023-05,MUN,AL|PALMEIRA DOS INDIOS,diesel_s10,5,5.69,5.192,6.4,5.12,6.54
2023-05,MUN,AL|PALMEIRA DOS INDIOS,gnv,1,5.07,5.07,5.07,5.07,5.07
2023-05,MUN,AL|RIO LARGO,diesel,8,5.04,4.99,5.73,4.99,6.29
2023-05,MUN,AL|RIO LARGO,diesel_s10,7,5.29,4.99,5.87,4.99,6.29
2023-05,MUN,AL|RIO LARGO,gnv,2,4.59,4.59,4.59,4.59,4.59
2023-05,MUN,AM|ITACOATIARA,diesel_s10,5,6.99,5.69,8.086,5.49,8.15
2023-05,MUN,AM|MANACAPURU,diesel,3,5.99,5.43,6.198,5.29,6.25
2023-05,MUN,AM|MANACAPURU,diesel_s10,6,6.13,5.44,6.345,5.29,6.4
2023-05,MUN,AM|MANAUS,diesel,23,4.99,4.99,5.29,4.95,6.49
2023-05,MUN,AM|MANAUS,diesel_s10,34,5.13,4.99,5.93,4.95,6.69
2023-05,MUN,AM|MANAUS,gnv,1,4.19,4.19,4.19,4.19,4.19
2023-05,MUN,AM|PARINTINS,diesel,1,7.29,7.29,7.29,7.29,7.29
2023-05,MUN,AM|PARINTINS,diesel_s10,9,7.49,7.28,8.38,7.24,8.38
2023-05,MUN,AM|TEFE,diesel,7,6.99,6.974,7.098,6.95,7.17
2023-05,MUN,AM|TEFE,diesel_s10,4,6.99,6.962,6.99,6.95,6.99
2023-05,MUN,AP|MACAPA,diesel,10,5.26,4.948,5.735,4.93,6.59
2023-05,MUN,AP|MACAPA,diesel_s10,12,5.51,5.354,5.764,5.18,6.97
2023-05,MUN,AP|SANTANA,diesel,6,5.542,5.352,6.002,5.34,6.19
2023-05,MUN,AP|SANTANA,diesel_s10,6,5.752,5.627,6.278,5.615,6.49
2023-05,MUN,BA|ALAGOINHAS,diesel,7,4.59,4.552,4.878,4.54,5.055
2023-05,MUN,BA|ALAGOINHAS,diesel_s10,8,4.755,4.654,5.182,4.64,5.29
2023-05,MUN,BA|ALAGOINHAS,gnv,2,4.09,4.09,4.09,4.09,4.09
2023-05,MUN,BA|BARREIRAS,diesel,5,5.14,4.964,5.5,4.88,5.69
2023-05,MUN,BA|BARREIRAS,diesel_s10,6,5.278,5.085,5.69,4.98,5.79
2023-05,MUN,BA|BRUMADO,diesel,12,4.99,4.818,5.72,4.79,5.89
2023-05,MUN,BA|BRUMADO,diesel_s10,15,5.09,4.9,6.11,4.89,6.59
2023-05,MUN,BA|CAMACARI,diesel,6,5.068,4.795,5.29,4.68,5.39
2023-05,MUN,BA|CAMACARI,diesel_s10,10,5.05,4.685,5.49,4.68,5.49
2023-05,MUN,BA|CAMACARI,gnv,3,3.99,3.958,3.99,3.95,3.99
2023-05,MUN,BA|EUNAPOLIS,diesel,7,5.83,5.47,5.93,5.29,5.99
2023-05,MUN,BA|EUNAPOLIS,diesel_s10,7,5.94,5.57,5.99,5.39,5.99
2023-05,MUN,BA|FEIRA DE SANTANA,diesel,12,4.87,4.687,5.218,4.63,5.99
2023-05,MUN,BA|FEIRA DE SANTANA,diesel_s10,22,4.78,4.68,5.243,4.66,5.32
2023-05,MUN,BA|FEIRA DE SANTANA,gnv,3,3.99,3.99,3.99,3.99,3.99
2023-05,MUN,BA|GUANAMBI,diesel,6,5.16,5.112,5.3,5.09,5.41
2023-05,MUN,BA|GUANAMBI,diesel_s10,7,5.28,5.22,5.46,5.19,5.49
2023-05,MUN,BA|ILHEUS,diesel,4,5.48,5.061,5.626,4.92,5.65
2023-05,MUN,BA|ILHEUS,diesel_s10,7,5.67,5.438,5.77,5.39,5.89
2023-05,MUN,BA|IPIRA,diesel,4,4.778,4.752,5.045,4.75,5.15
2023-05,MUN,BA|IPIRA,diesel_s10,4,4.962,4.854,5.207,4.85,5.27
2023-05,MUN,BA|IRECE,diesel,5,5.28,5.188,5.8,5.18,5.9
2023-05,MUN,BA|IRECE,diesel_s10,8,5.38,5.27,5.651,5.26,5.98
2023-05,MUN,BA|ITABUNA,diesel,7,4.79,4.79,5.55,4.79,6.18
2023-05,MUN,BA|ITABUNA,diesel_s10,9,4.94,4.89,5.728,4.89,6.28
2023-05,MUN,BA|ITABUNA,gnv,1,4.59,4.59,4.59,4.59,4.59
2023-05,MUN,BA|ITAMARAJU,diesel,5,4.94,4.89,5.07,4.89,5.09
2023-05,MUN,BA|ITAMARAJU,diesel_s10,6,5.09,4.99,5.915,4.99,6.64
2023-05,MUN,BA|JACOBINA,diesel,11,5.29,5.28,5.54,5.28,5.54
2023-05,MUN,BA|JACOBINA,diesel_s10,10,5.39,5.389,5.59,5.38,5.59
2023-05,MUN,BA|JAGUAQUARA,diesel,3,5.09,5.09,5.25,5.09,5.29
2023-05,MUN,BA|JAGUAQUARA,diesel_s10,4,5.19,5.166,5.26,5.155,5.29
2023-05,MUN,BA|JEQUIE,diesel,9,5.19,4.914,6.067,4.89,6.135
2023-05,MUN,BA|JEQUIE,diesel_s10,9,5.355,5.19,6.012,5.19,6.1
2023-05,MUN,BA|JUAZEIRO,diesel,4,5.42,5.326,5.682,5.29,5.79
2023-05,MUN,BA|JUAZEIRO,diesel_s10,6,5.52,5.258,6.235,5.225,6.78
2023-05,MUN,BA|LAURO DE FREITAS,diesel,3,4.59,4.582,4.742,4.58,4.78
2023-05,MUN,BA|LAURO DE FREITAS,diesel_s10,7,4.69,4.68,4.918,4.68,4.99
2023-05,MUN,BA|LIVRAMENTO DE NOSSA SENHORA,diesel,1,4.86,4.86,4.86,4.86,4.86
2023-05,MUN,BA|LIVRAMENTO DE NOSSA SENHORA,diesel_s10,1,4.95,4.95,4.95,4.95,4.95
2023-05,MUN,BA|PAULO AFONSO,diesel,5,5.25,5.03,5.408,4.99,5.48
2023-05,MUN,BA|PAULO AFONSO,diesel_s10,6,5.26,5.075,5.44,5.05,5.49
2023-05,MUN,BA|POCOES,diesel,7,4.79,4.6,5.116,4.6,5.44
2023-05,MUN,BA|POCOES,diesel_s10,5,4.9,4.89,5.382,4.89,5.51
2023-05,MUN,BA|PORTO SEGURO,diesel,7,6.185,6.062,6.277,6.02,6.28
2023-05,MUN,BA|PORTO SEGURO,diesel_s10,7,6.285,6.068,6.323,5.99,6.38
2023-05,MUN,BA|SALVADOR,diesel,4,4.89,4.789,5.334,4.78,5.49
2023-05,MUN,BA|SALVADOR,diesel_s10,23,5.25,4.9,5.654,4.79,6.99
2023-05,MUN,BA|SALVADOR,gnv,10,3.99,3.86,3.99,3.77,3.99
2023-05,MUN,BA|SANTO ANTONIO DE JESUS,diesel,5,4.89,4.77,4.944,4.69,4.98
2023-05,MUN,BA|SANTO ANTONIO DE JESUS,diesel_s10,8,4.99,4.923,4.99,4.79,4.99
2023-05,MUN,BA|SENHOR DO BONFIM,diesel,12,5.29,4.686,5.96,4.68,7.29
2023-05,MUN,BA|SENHOR DO BONFIM,diesel_s10,10,5.39,4.838,6.001,4.82,7.9
2023-05,MUN,BA|SERRINHA,diesel,5,4.895,4.67,5.106,4.59,5.19
2023-05,MUN,BA|SERRINHA,diesel_s10,5,4.89,4.77,4.976,4.69,4.98
2023-05,MUN,BA|SIMOES FILHO,diesel,4,5.125,4.782,5.524,4.74,5.59
2023-05,MUN,BA|SIMOES FILHO,diesel_s10,6,5.39,4.688,5.54,4.585,5.69
2023-05,MUN,BA|SIMOES FILHO,gnv,2,3.865,3.805,3.925,3.79,3.94
2023-05,MUN,BA|TEIXEIRA DE FREITAS,diesel,6,4.79,4.728,5.49,4.715,5.49
2023-05,MUN,BA|TEIXEIRA DE FREITAS,diesel_s10,9,5.49,4.855,5.59,4.815,5.59
2023-05,MUN,BA|VALENCA,diesel,5,4.99,4.93,5.154,4.89,5.19
2023-05,MUN,BA|VALENCA,diesel_s10,5,5.1,5.06,5.286,5.04,5.29
2023-05,MUN,BA|VITORIA DA CONQUISTA,diesel,7,5.09,4.764,5.344,4.74,5.5
2023-05,MUN,BA|VITORIA DA CONQUISTA,diesel_s10,13,5.19,4.88,5.498,4.84,5.72
2023-05,MUN,BA|VITORIA DA CONQUISTA,gnv,1,5.77,5.77,5.77,5.77,5.77
2023-05,MUN,CE|CANINDE,diesel,1,5.49,5.49,5.49,5.49,5.49
2023-05,MUN,CE|CANINDE,diesel_s10,6,5.49,5.34,5.635,5.29,5.68
2023-05,MUN,CE|CAUCAIA,diesel,1,5.19,5.19,5.19,5.19,5.19
2023-05,MUN,CE|CAUCAIA,diesel_s10,19,5.365,4.968,5.71,4.82,6.79
2023-05,MUN,CE|CAUCAIA,gnv,2,4.47,4.454,4.486,4.45,4.49
2023-05,MUN,CE|CRATEUS,diesel,5,5.88,5.64,5.886,5.54,5.89
2023-05,MUN,CE|CRATEUS,diesel_s10,7,5.89,5.516,5.89,5.39,5.89
2023-05,MUN,CE|CRATO,diesel,4,5.365,5.236,5.494,5.2,5.53
2023-05,MUN,CE|CRATO,diesel_s10,10,5.59,5.365,5.875,5.14,6.19
2023-05,MUN,CE|FORTALEZA,diesel_s10,58,5.515,5.041,5.99,4.73,6.49
2023-05,MUN,CE|FORTALEZA,gnv,13,4.29,4.234,4.67,4.19,4.69
2023-05,MUN,CE|ICO,diesel,5,5.79,5.76,5.85,5.74,5.85
2023-05,MUN,CE|ICO,diesel_s10,10,5.79,5.771,5.98,5.69,5.98
2023-05,MUN,CE|IGUATU,diesel,3,5.69,5.29,5.85,5.19,5.89
2023-05,MUN,CE|IGUATU,diesel_s10,9,5.79,5.018,5.89,4.99,5.89
2023-05,MUN,CE|ITAPIPOCA,diesel_s10,9,6.09,5.89,6.1,5.89,6.1
2023-05,MUN,CE|JUAZEIRO DO NORTE,diesel,7,5.425,5.23,5.798,5.2,6.05
2023-05,MUN,CE|JUAZEIRO DO NORTE,diesel_s10,12,5.558,5.341,5.955,5.2,6.05
2023-05,MUN,CE|LIMOEIRO DO NORTE,diesel,5,5.44,5.39,5.59,5.39,5.59
2023-05,MUN,CE|LIMOEIRO DO NORTE,diesel_s10,12,5.565,5.472,5.69,5.34,5.74
2023-05,MUN,CE|MARACANAU,diesel_s10,16,5.285,4.83,5.665,4.75,6.34
2023-05,MUN,CE|MARACANAU,gnv,2,4.29,4.29,4.29,4.29,4.29
2023-05,MUN,CE|QUIXADA,diesel_s10,7,5.055,4.96,5.252,4.96,5.405
2023-05,MUN,CE|SOBRAL,diesel,3,5.48,5.32,5.88,5.28,5.98
2023-05,MUN,CE|SOBRAL,diesel_s10,14,5.485,5.346,5.49,5.28,5.635
2023-05,MUN,DF|BRASILIA,diesel,40,5.345,4.985,5.581,4.88,5.84
2023-05,MUN,DF|BRASILIA,diesel_s10,42,5.48,4.998,5.888,4.89,6.04
2023-05,MUN,DF|BRASILIA,gnv,1,6.04,6.04,6.04,6.04,6.04
2023-05,MUN,ES|ARACRUZ,diesel,5,5.49,5.26,5.49,5.24,5.49
2023-05,MUN,ES|ARACRUZ,diesel_s10,6,5.54,5.365,5.84,5.29,5.89
2023-05,MUN,ES|CACHOEIRO DE ITAPEMIRIM,diesel,9,5.34,4.882,5.59,4.85,5.59
2023-05,MUN,ES|CACHOEIRO DE ITAPEMIRIM,diesel_s10,17,5.29,5.035,5.876,4.94,6.08
2023-05,MUN,ES|CACHOEIRO DE ITAPEMIRIM,gnv,2,5.37,5.37,5.37,5.37,5.37
2023-05,MUN,ES|CARIACICA,diesel,5,5.39,5.324,5.63,5.28,5.79
2023-05,MUN,ES|CARIACICA,diesel_s10,10,5.49,5.452,5.59,5.38,5.59
2023-05,MUN,ES|CARIACICA,gnv,5,4.79,4.756,4.79,4.74,4.79
2023-05,MUN,ES|COLATINA,diesel,8,5.68,5.29,5.69,5.29,5.69
2023-05,MUN,ES|COLATINA,diesel_s10,9,5.78,5.39,5.79,5.39,5.79
2023-05,MUN,ES|COLATINA,gnv,1,5.27,5.27,5.27,5.27,5.27
2023-05,MUN,ES|GUARAPARI,diesel,4,5.865,5.533,6.19,5.53,6.19
2023-05,MUN,ES|GUARAPARI,diesel_s10,11,5.64,5.49,5.76,5.19,5.87
2023-05,MUN,ES|LINHARES,diesel,9,5.09,5.05,5.23,4.89,5.39
2023-05,MUN,ES|LINHARES,diesel_s10,12,5.19,5.045,5.29,4.89,5.69
2023-05,MUN,ES|LINHARES,gnv,1,4.99,4.99,4.99,4.99,4.99
2023-05,MUN,ES|SAO MATEUS,diesel,6,5.29,5.038,5.44,4.985,5.44
2023-05,MUN,ES|SAO MATEUS,diesel_s10,9,5.39,5.169,5.57,5.085,5.69
2023-05,MUN,ES|SAO MATEUS,gnv,1,4.79,4.79,4.79,4.79,4.79
2023-05,MUN,ES|SERRA,diesel,12,5.37,4.796,5.67,4.79,5.89
2023-05,MUN,ES|SERRA,diesel_s10,15,5.57,5.006,5.79,4.89,5.88
2023-05,MUN,ES|SERRA,gnv,3,4.79,4.79,4.79,4.79,4.79
2023-05,MUN,ES|VILA VELHA,diesel,8,5.415,5.325,5.68,5.29,5.89
2023-05,MUN,ES|VILA VELHA,diesel_s10,16,5.515,5.39,5.64,5.29,5.99
2023-05,MUN,ES|VILA VELHA,gnv,3,4.79,4.79,4.79,4.79,4.79
2023-05,MUN,ES|VITORIA,diesel,1,5.79,5.79,5.79,5.79,5.79
2023-05,MUN,ES|VITORIA,diesel_s10,9,5.89,5.46,6.59,5.34,6.99
2023-05,MUN,ES|VITORIA,gnv,3,4.79,4.79,4.79,4.79,4.79
2023-05,MUN,GO|AGUAS LINDAS DE GOIAS,diesel,6,5.45,5.19,5.815,5.09,5.89
2023-05,MUN,GO|AGUAS LINDAS DE GOIAS,diesel_s10,7,5.49,5.39,5.93,5.39,5.99
2023-05,MUN,GO|ANAPOLIS,diesel,14,5.14,4.902,5.621,4.7,5.99
2023-05,MUN,GO|ANAPOLIS,diesel_s10,18,5.24,5.044,5.627,4.99,5.89
2023-05,MUN,GO|APARECIDA DE GOIANIA,diesel,12,5.34,4.9,5.59,4.89,5.85
2023-05,MUN,GO|APARECIDA DE GOIANIA,diesel_s10,17,5.49,5.02,5.77,4.99,5.89
2023-05,MUN,GO|CALDAS NOVAS,diesel,5,4.99,4.85,5.062,4.77,5.09
2023-05,MUN,GO|CALDAS NOVAS,diesel_s10,6,5.125,4.955,5.53,4.87,5.89
2023-05,MUN,GO|CATALAO,diesel,6,5.125,5.09,5.285,5.09,5.29
2023-05,MUN,GO|CATALAO,diesel_s10,8,5.29,5.09,5.44,5.09,5.44
2023-05,MUN,GO|FORMOSA,diesel,5,5.59,5.356,5.75,5.34,5.79
2023-05,MUN,GO|FORMOSA,diesel_s10,8,5.578,5.338,5.82,5.24,5.89
2023-05,MUN,GO|GOIANIA,diesel,51,5.25,4.89,5.64,4.65,5.89
2023-05,MUN,GO|GOIANIA,diesel_s10,95,5.39,4.958,5.89,4.75,6.39
2023-05,MUN,GO|GOIATUBA,diesel,2,4.825,4.813,4.837,4.81,4.84
2023-05,MUN,GO|GOIATUBA,diesel_s10,4,5.105,4.946,5.425,4.94,5.5
2023-05,MUN,GO|ITUMBIARA,diesel,8,5.29,4.99,5.435,4.99,5.54
2023-05,MUN,GO|ITUMBIARA,diesel_s10,10,5.39,5.09,5.636,5.09,5.69
2023-05,MUN,GO|JATAI,diesel,6,5.305,5.055,5.49,4.99,5.49
2023-05,MUN,GO|JATAI,diesel_s10,5,5.45,5.182,5.59,5.09,5.59
2023-05,MUN,GO|LUZIANIA,diesel,10,5.27,5.18,6.1,5.09,6.19
2023-05,MUN,GO|LUZIANIA,diesel_s10,7,5.39,5.21,6.23,5.09,6.29
2023-05,MUN,GO|MINEIROS,diesel,7,5.45,5.34,6.15,5.28,6.69
2023-05,MUN,GO|MINEIROS,diesel_s10,7,5.55,5.422,5.686,5.38,5.89
2023-05,MUN,GO|MORRINHOS,diesel,7,5.09,4.81,5.09,4.69,5.09
2023-05,MUN,GO|MORRINHOS,diesel_s10,6,5.14,4.965,5.265,4.94,5.34
2023-05,MUN,GO|PORANGATU,diesel,6,5.49,5.29,5.59,5.19,5.69
2023-05,MUN,GO|PORANGATU,diesel_s10,5,5.59,5.31,5.928,5.29,5.99
2023-05,MUN,GO|RIO VERDE,diesel,6,5.215,5.065,5.54,5.04,5.59
2023-05,MUN,GO|RIO VERDE,diesel_s10,8,5.24,5.106,5.69,5.05,5.69
2023-05,MUN,GO|TRINDADE,diesel,3,5.09,5.09,5.09,5.09,5.09
2023-05,MUN,GO|TRINDADE,diesel_s10,2,5.19,5.19,5.19,5.19,5.19
2023-05,MUN,GO|VALPARAISO DE GOIAS,diesel,7,5.19,5.159,5.458,5.12,5.59
2023-05,MUN,GO|VALPARAISO DE GOIAS,diesel_s10,4,5.44,5.355,5.63,5.34,5.69
2023-05,MUN,MA|ACAILANDIA,diesel,9,5.19,5.08,5.302,5.04,5.35
2023-05,MUN,MA|ACAILANDIA,diesel_s10,12,5.242,5.1,5.344,4.99,5.365
2023-05,MUN,MA|BACABAL,diesel,2,5.092,4.962,5.222,4.93,5.255
2023-05,MUN,MA|BACABAL,diesel_s10,5,5.27,4.92,5.29,4.9,5.29
2023-05,MUN,MA|BALSAS,diesel,11,5.5,5.26,6.045,5.19,6.08
2023-05,MUN,MA|BALSAS,diesel_s10,13,5.55,5.321,6.056,5.1,6.09
2023-05,MUN,MA|BARRA DO CORDA,diesel,6,5.22,5.115,5.742,5.1,5.78
2023-05,MUN,MA|BARRA DO CORDA,diesel_s10,6,5.34,5.203,5.52,5.175,5.65
2023-05,MUN,MA|CAXIAS,diesel,3,4.925,4.673,5.329,4.61,5.43
2023-05,MUN,MA|CAXIAS,diesel_s10,5,4.89,4.606,5.27,4.59,5.49
2023-05,MUN,MA|CODO,diesel,5,5.35,5.212,5.428,5.12,5.48
2023-05,MUN,MA|CODO,diesel_s10,6,5.45,5.328,5.52,5.205,5.59
2023-05,MUN,MA|IMPERATRIZ,diesel,13,5.72,5.305,5.864,5.27,5.98
2023-05,MUN,MA|IMPERATRIZ,diesel_s10,25,5.45,5.226,5.82,5.09,5.99
2023-05,MUN,MA|PINHEIRO,diesel,8,5.19,5.087,5.429,5.08,5.8
2023-05,MUN,MA|PINHEIRO,diesel_s10,7,5.19,5.19,5.494,5.19,5.8
2023-05,MUN,MA|PRESIDENTE DUTRA,diesel,6,4.695,4.65,4.705,4.65,4.71
2023-05,MUN,MA|PRESIDENTE DUTRA,diesel_s10,8,4.7,4.687,4.777,4.68,4.84
2023-05,MUN,MA|SANTA INES,diesel,5,5.17,4.912,5.238,4.85,5.25
2023-05,MUN,MA|SANTA INES,diesel_s10,7,5.22,5.027,5.35,5.015,5.395
2023-05,MUN,MA|SAO JOSE DE RIBAMAR,diesel,3,4.96,4.904,5.224,4.89,5.29
2023-05,MUN,MA|SAO JOSE DE RIBAMAR,diesel_s10,18,5.045,4.94,5.302,4.93,5.33
2023-05,MUN,MA|SAO LUIS,diesel,12,4.882,4.784,5.36,4.73,5.45
2023-05,MUN,MA|SAO LUIS,diesel_s10,41,5.105,4.845,5.45,4.77,5.6
2023-05,MUN,MG|ALFENAS,diesel,6,5.685,5.515,5.732,5.49,5.775
2023-05,MUN,MG|ALFENAS,diesel_s10,8,5.685,5.13,5.79,4.99,5.79
2023-05,MUN,MG|ARAGUARI,diesel,8,4.97,4.792,5.226,4.69,5.25
2023-05,MUN,MG|ARAGUARI,diesel_s10,9,5.07,4.902,5.51,4.79,5.99
2023-05,MUN,MG|ARAXA,diesel,8,5.44,5.36,5.82,5.29,5.89
2023-05,MUN,MG|ARAXA,diesel_s10,8,5.54,5.46,5.7,5.39,5.725
2023-05,MUN,MG|BARBACENA,diesel,2,5.29,5.05,5.53,4.99,5.59
2023-05,MUN,MG|BARBACENA,diesel_s10,12,5.31,4.991,5.95,4.98,5.99
2023-05,MUN,MG|BARBACENA,gnv,2,5.04,5.0,5.08,4.99,5.09
2023-05,MUN,MG|BELO HORIZONTE,diesel,7,5.05,4.914,5.86,4.89,6.19
2023-05,MUN,MG|BELO HORIZONTE,diesel_s10,21,5.38,5.09,5.67,4.99,6.29
2023-05,MUN,MG|BELO HORIZONTE,gnv,6,4.39,4.39,4.57,4.39,4.59
2023-05,MUN,MG|BETIM,diesel,7,5.09,5.09,5.21,5.09,5.24
2023-05,MUN,MG|BETIM,diesel_s10,14,5.29,5.19,5.36,5.19,5.44
2023-05,MUN,MG|BETIM,gnv,1,4.87,4.87,4.87,4.87,4.87
2023-05,MUN,MG|BOM DESPACHO,diesel,4,5.248,5.142,5.483,5.14,5.54
2023-05,MUN,MG|BOM DESPACHO,diesel_s10,5,5.24,5.09,5.6,4.99,5.74
2023-05,MUN,MG|CAMPO BELO,diesel,4,5.37,5.256,5.845,5.215,6.04
2023-05,MUN,MG|CAMPO BELO,diesel_s10,3,5.44,5.32,5.96,5.29,6.09
2023-05,MUN,MG|CARATINGA,diesel,5,5.49,5.33,5.49,5.29,5.49
2023-05,MUN,MG|CARATINGA,diesel_s10,7,5.59,5.45,5.718,5.39,5.79
2023-05,MUN,MG|CONSELHEIRO LAFAIETE,diesel,5,5.24,4.95,5.478,4.79,5.63
2023-05,MUN,MG|CONSELHEIRO LAFAIETE,diesel_s10,8,5.53,5.265,5.99,5.09,5.99
2023-05,MUN,MG|CONTAGEM,diesel,13,5.09,5.064,5.406,4.99,5.465
2023-05,MUN,MG|CONTAGEM,diesel_s10,15,5.19,5.09,5.282,5.04,5.54
2023-05,MUN,MG|CONTAGEM,gnv,2,4.55,4.55,4.55,4.55,4.55
2023-05,MUN,MG|CORONEL FABRICIANO,diesel,7,5.09,5.07,5.14,5.04,5.14
2023-05,MUN,MG|CORONEL FABRICIANO,diesel_s10,4,5.165,5.091,5.47,5.07,5.59
2023-05,MUN,MG|CURVELO,diesel,4,5.252,4.857,5.385,4.74,5.39
2023-05,MUN,MG|CURVELO,diesel_s10,2,5.165,4.905,5.425,4.84,5.49
2023-05,MUN,MG|DIVINOPOLIS,diesel,10,5.137,4.84,5.319,4.84,5.58
2023-05,MUN,MG|DIVINOPOLIS,diesel_s10,18,5.39,5.225,5.705,5.09,5.79
2023-05,MUN,MG|FORMIGA,diesel,2,5.435,5.279,5.591,5.24,5.63
2023-05,MUN,MG|FORMIGA,diesel_s10,8,5.365,4.887,5.637,4.88,5.98
2023-05,MUN,MG|FRUTAL,diesel,7,5.4,5.094,5.506,5.04,5.59
2023-05,MUN,MG|FRUTAL,diesel_s10,7,5.49,5.305,5.81,5.14,6.29
2023-05,MUN,MG|GOVERNADOR VALADARES,diesel,9,5.29,4.966,5.566,4.87,5.87
2023-05,MUN,MG|GOVERNADOR VALADARES,diesel_s10,18,5.265,5.06,5.62,4.97,5.97
2023-05,MUN,MG|GOVERNADOR VALADARES,gnv,1,4.99,4.99,4.99,4.99,4.99
2023-05,MUN,MG|GUAXUPE,diesel,4,5.11,4.99,5.338,4.99,5.385
2023-05,MUN,MG|GUAXUPE,diesel_s10,7,5.28,4.978,5.587,4.96,5.77
2023-05,MUN,MG|IPATINGA,diesel,9,5.09,5.03,5.21,4.99,5.29
2023-05,MUN,MG|IPATINGA,diesel_s10,9,5.19,5.052,5.37,4.9,5.69
2023-05,MUN,MG|ITABIRA,diesel,5,5.94,5.8,6.15,5.74,6.29
2023-05,MUN,MG|ITABIRA,diesel_s10,7,5.99,5.82,6.15,5.79,6.39
2023-05,MUN,MG|ITAJUBA,diesel,2,5.97,5.954,5.986,5.95,5.99
2023-05,MUN,MG|ITAJUBA,diesel_s10,5,5.54,5.389,5.954,5.315,6.09
2023-05,MUN,MG|ITAUNA,diesel,5,5.43,5.13,5.628,5.09,5.72
2023-05,MUN,MG|ITAUNA,diesel_s10,8,5.46,5.2,5.65,4.99,5.79
2023-05,MUN,MG|ITUIUTABA,diesel,8,5.19,5.102,5.45,4.99,5.59
2023-05,MUN,MG|ITUIUTABA,diesel_s10,11,5.39,5.29,5.7,5.25,5.99
2023-05,MUN,MG|JANAUBA,diesel,6,5.765,5.495,5.99,5.4,6.09
2023-05,MUN,MG|JANAUBA,diesel_s10,7,5.84,5.63,6.12,5.45,6.15
2023-05,MUN,MG|JANUARIA,diesel,8,5.362,5.2,5.712,4.99,6.09
2023-05,MUN,MG|JANUARIA,diesel_s10,7,5.75,5.47,5.812,5.29,5.845
2023-05,MUN,MG|JOAO MONLEVADE,diesel,5,5.54,5.366,5.92,5.35,6.1
2023-05,MUN,MG|JOAO MONLEVADE,diesel_s10,6,5.385,5.325,5.62,5.3,5.75
2023-05,MUN,MG|JOAO PINHEIRO,diesel,7,5.15,5.15,5.276,5.15,5.39
2023-05,MUN,MG|JOAO PINHEIRO,diesel_s10,8,5.27,5.25,5.42,5.25,5.49
2023-05,MUN,MG|JUIZ DE FORA,diesel,13,5.38,4.848,5.85,4.84,5.95
2023-05,MUN,MG|JUIZ DE FORA,diesel_s10,19,5.48,4.972,5.99,4.94,5.99
2023-05,MUN,MG|JUIZ DE FORA,gnv,4,4.29,4.29,4.29,4.29,4.29
2023-05,MUN,MG|LAVRAS,diesel,1,5.435,5.435,5.435,5.435,5.435
2023-05,MUN,MG|LAVRAS,diesel_s10,5,5.53,5.298,5.642,5.17,5.69
2023-05,MUN,MG|MANHUACU,diesel,4,5.655,5.367,5.887,5.34,5.89
2023-05,MUN,MG|MANHUACU,diesel_s10,4,5.755,5.467,5.987,5.44,5.99
2023-05,MUN,MG|MONTE CARMELO,diesel,4,4.968,4.838,5.094,4.79,5.14
2023-05,MUN,MG|MONTE CARMELO,diesel_s10,5,5.24,5.094,5.458,5.05,5.57
2023-05,MUN,MG|MONTES CLAROS,diesel,19,5.15,4.83,5.51,4.79,5.99
2023-05,MUN,MG|MONTES CLAROS,diesel_s10,18,5.17,4.93,5.764,4.85,5.99
2023-05,MUN,MG|MURIAE,diesel,9,5.32,5.04,5.448,5.04,5.64
2023-05,MUN,MG|MURIAE,diesel_s10,10,5.455,5.14,5.523,5.14,5.73
2023-05,MUN,MG|NOVA LIMA,diesel_s10,9,5.59,5.33,5.79,5.29,5.79
2023-05,MUN,MG|OLIVEIRA,diesel,6,5.413,4.818,5.54,4.78,5.59
2023-05,MUN,MG|OLIVEIRA,diesel_s10,7,5.34,4.9,5.59,4.84,5.59
2023-05,MUN,MG|OURO PRETO,diesel,2,5.103,5.033,5.172,5.015,5.19
2023-05,MUN,MG|OURO PRETO,diesel_s10,4,5.22,4.987,5.25,4.9,5.25
2023-05,MUN,MG|PARA DE MINAS,diesel,9,5.28,5.105,5.516,5.045,5.62
2023-05,MUN,MG|PARA DE MINAS,diesel_s10,9,5.27,5.092,5.562,4.94,5.59
2023-05,MUN,MG|PARACATU,diesel,9,5.69,5.474,5.802,5.41,5.85
2023-05,MUN,MG|PARACATU,diesel_s10,9,5.79,5.57,5.81,5.49,5.89
2023-05,MUN,MG|PASSOS,diesel,14,5.465,4.99,5.69,4.94,5.79
2023-05,MUN,MG|PASSOS,diesel_s10,14,5.64,5.09,5.86,5.04,5.99
2023-05,MUN,MG|PATOS DE MINAS,diesel,8,5.115,4.99,5.41,4.99,5.49
2023-05,MUN,MG|PATOS DE MINAS,diesel_s10,18,5.29,5.09,5.705,5.05,5.79
2023-05,MUN,MG|PATROCINIO,diesel,8,5.725,5.433,6.01,5.09,6.08
2023-05,MUN,MG|PATROCINIO,diesel_s10,11,5.49,5.29,5.98,5.19,6.28
2023-05,MUN,MG|POCOS DE CALDAS,diesel,7,5.29,5.148,5.6,5.085,5.69
2023-05,MUN,MG|POCOS DE CALDAS,diesel_s10,11,5.29,5.19,5.64,4.99,5.74
2023-05,MUN,MG|POCOS DE CALDAS,gnv,1,4.75,4.75,4.75,4.75,4.75
2023-05,MUN,MG|POUSO ALEGRE,diesel,6,5.34,5.065,5.59,4.99,5.69
2023-05,MUN,MG|POUSO ALEGRE,diesel_s10,9,5.45,5.194,5.64,5.09,5.84
2023-05,MUN,MG|SABARA,diesel,5,5.19,5.166,5.55,5.15,5.79
2023-05,MUN,MG|SABARA,diesel_s10,7,5.29,5.146,5.41,4.99,5.44
2023-05,MUN,MG|SABARA,gnv,1,4.57,4.57,4.57,4.57,4.57
2023-05,MUN,MG|SAO JOAO DEL REI,diesel,8,5.382,5.21,5.51,5.14,5.79
2023-05,MUN,MG|SAO JOAO DEL REI,diesel_s10,12,5.465,5.345,5.666,5.24,5.79
2023-05,MUN,MG|SAO SEBASTIAO DO PARAISO,diesel,7,5.39,5.056,5.61,5.005,5.64
2023-05,MUN,MG|SAO SEBASTIAO DO PARAISO,diesel_s10,6,5.53,5.268,5.715,5.095,5.74
2023-05,MUN,MG|SETE LAGOAS,diesel,19,5.09,4.748,5.418,4.68,5.64
2023-05,MUN,MG|SETE LAGOAS,diesel_s10,19,5.19,4.848,5.7,4.78,5.89
2023-05,MUN,MG|SETE LAGOAS,gnv,2,4.49,4.49,4.49,4.49,4.49
2023-05,MUN,MG|TEOFILO OTONI,diesel,5,5.14,4.742,5.256,4.69,5.3
2023-05,MUN,MG|TEOFILO OTONI,diesel_s10,6,5.215,4.945,5.49,4.79,5.59
2023-05,MUN,MG|TIMOTEO,diesel,6,4.97,4.845,5.03,4.84,5.09
2023-05,MUN,MG|TIMOTEO,diesel_s10,1,5.07,5.07,5.07,5.07,5.07
2023-05,MUN,MG|TRES CORACOES,diesel,7,5.8,5.06,6.053,4.79,6.065
2023-05,MUN,MG|TRES CORACOES,diesel_s10,8,6.062,5.259,6.262,5.07,6.49
2023-05,MUN,MG|UBA,diesel,5,5.47,5.02,5.642,4.98,5.75
2023-05,MUN,MG|UBA,diesel_s10,6,5.432,5.375,5.685,5.37,5.79
2023-05,MUN,MG|UBERABA,diesel,13,5.29,5.15,5.784,4.95,6.45
2023-05,MUN,MG|UBERABA,diesel_s10,23,5.59,5.194,5.89,4.99,6.67
2023-05,MUN,MG|UBERLANDIA,diesel,14,5.09,4.949,5.879,4.74,5.99
2023-05,MUN,MG|UBERLANDIA,diesel_s10,23,5.29,5.07,5.62,4.84,5.99
2023-05,MUN,MG|UNAI,diesel,6,5.712,5.365,6.14,5.345,6.19
2023-05,MUN,MG|UNAI,diesel_s10,7,5.72,5.463,6.18,5.43,6.24
2023-05,MUN,MG|VARGINHA,diesel,2,5.74,5.54,5.94,5.49,5.99
2023-05,MUN,MG|VARGINHA,diesel_s10,2,5.34,5.22,5.46,5.19,5.49
2023-05,MUN,MG|VICOSA,diesel,2,5.735,5.539,5.931,5.49,5.98
2023-05,MUN,MG|VICOSA,diesel_s10,5,5.79,5.54,5.94,5.54,6.04
2023-05,MUN,MS|CAMPO GRANDE,diesel,27,5.29,4.99,5.79,4.88,6.13
2023-05,MUN,MS|CAMPO GRANDE,diesel_s10,29,5.39,5.13,5.85,4.98,5.99
2023-05,MUN,MS|CAMPO GRANDE,gnv,4,4.49,4.315,4.56,4.24,4.59
2023-05,MUN,MS|CORUMBA,diesel,4,6.58,6.524,6.587,6.5,6.59
2023-05,MUN,MS|CORUMBA,diesel_s10,2,6.54,6.492,6.588,6.48,6.6
2023-05,MUN,MS|COXIM,diesel,8,5.268,5.145,5.459,5.04,5.55
2023-05,MUN,MS|COXIM,diesel_s10,8,5.365,5.242,5.521,5.14,5.64
2023-05,MUN,MS|DOURADOS,diesel,11,5.45,5.22,5.79,5.145,5.79
2023-05,MUN,MS|DOURADOS,diesel_s10,13,5.54,5.125,5.87,5.12,5.97
2023-05,MUN,MS|NOVA ANDRADINA,diesel,5,5.65,5.546,5.766,5.49,5.8
2023-05,MUN,MS|NOVA ANDRADINA,diesel_s10,6,5.74,5.642,5.858,5.595,5.9
2023-05,MUN,MS|PONTA PORA,diesel,2,5.99,5.99,5.99,5.99,5.99
2023-05,MUN,MS|PONTA PORA,diesel_s10,1,6.14,6.14,6.14,6.14,6.14
2023-05,MUN,MS|TRES LAGOAS,diesel,6,5.46,5.09,6.035,4.89,6.09
2023-05,MUN,MS|TRES LAGOAS,diesel_s10,6,5.575,5.19,5.74,4.99,5.79
2023-05,MUN,MT|ALTA FLORESTA,diesel,5,5.95,5.68,6.356,5.62,6.55
2023-05,MUN,MT|ALTA FLORESTA,diesel_s10,4,5.91,5.739,6.452,5.7,6.65
2023-05,MUN,MT|CACERES,diesel,6,5.415,5.4,5.915,5.4,5.93
2023-05,MUN,MT|CACERES,diesel_s10,7,5.53,5.5,5.99,5.5,5.99
2023-05,MUN,MT|CUIABA,diesel,14,5.415,5.076,6.375,5.02,6.43
2023-05,MUN,MT|CUIABA,diesel_s10,22,5.65,5.178,6.38,5.12,6.55
2023-05,MUN,MT|RONDONOPOLIS,diesel,16,5.47,5.385,5.818,5.09,5.92
2023-05,MUN,MT|RONDONOPOLIS,diesel_s10,24,5.64,5.405,5.912,5.12,5.99
2023-05,MUN,MT|SINOP,diesel,6,5.59,5.215,6.085,5.14,6.38
2023-05,MUN,MT|SINOP,diesel_s10,5,5.79,5.446,6.138,5.35,6.14
2023-05,MUN,MT|SORRISO,diesel,2,5.715,5.095,6.335,4.94,6.49
2023-05,MUN,MT|SORRISO,diesel_s10,5,5.65,5.15,6.23,4.99,6.59
2023-05,MUN,MT|VARZEA GRANDE,diesel,13,5.24,5.042,5.45,4.95,5.53
2023-05,MUN,MT|VARZEA GRANDE,diesel_s10,15,5.34,5.05,5.59,4.89,5.99
2023-05,MUN,MT|VARZEA GRANDE,gnv,1,3.54,3.54,3.54,3.54,3.54
2023-05,MUN,PA|ABAETETUBA,diesel,2,5.685,5.553,5.817,5.52,5.85
2023-05,MUN,PA|ABAETETUBA,diesel_s10,5,5.445,5.35,6.196,5.35,6.5
2023-05,MUN,PA|ALENQUER,diesel,6,7.03,6.745,7.298,6.69,7.42
2023-05,MUN,PA|ALENQUER,diesel_s10,4,7.21,6.99,7.388,6.9,7.46
2023-05,MUN,PA|ALTAMIRA,diesel,11,5.99,5.68,6.22,5.54,6.42
2023-05,MUN,PA|ALTAMIRA,diesel_s10,11,5.99,5.9,6.23,5.59,6.48
2023-05,MUN,PA|ANANINDEUA,diesel_s10,16,5.265,5.02,5.68,4.88,6.79
2023-05,MUN,PA|BELEM,diesel_s10,19,5.39,5.028,6.35,4.94,7.02
2023-05,MUN,PA|BRAGANCA,diesel,2,5.79,5.63,5.95,5.59,5.99
2023-05,MUN,PA|BRAGANCA,diesel_s10,9,6.04,5.824,6.182,5.64,6.31
2023-05,MUN,PA|CAMETA,diesel,3,6.125,5.961,6.185,5.92,6.2
2023-05,MUN,PA|CAMETA,diesel_s10,4,6.23,6.053,6.267,5.99,6.27
2023-05,MUN,PA|CASTANHAL,diesel,8,5.59,5.495,5.7,5.39,5.84
2023-05,MUN,PA|CASTANHAL,diesel_s10,12,5.59,5.228,5.684,5.19,5.79
2023-05,MUN,PA|CONCEICAO DO ARAGUAIA,diesel,6,6.255,6.052,6.4,6.045,6.5
2023-05,MUN,PA|CONCEICAO DO ARAGUAIA,diesel_s10,6,6.192,5.985,6.448,5.925,6.52
2023-05,MUN,PA|ITAITUBA,diesel,4,5.52,5.418,5.678,5.4,5.72
2023-05,MUN,PA|ITAITUBA,diesel_s10,4,5.6,5.483,5.756,5.45,5.805
2023-05,MUN,PA|MARABA,diesel,7,5.59,5.406,5.722,5.28,5.8
2023-05,MUN,PA|MARABA,diesel_s10,8,5.615,5.405,5.856,5.3,6.29
2023-05,MUN,PA|PARAGOMINAS,diesel,4,5.782,5.631,5.895,5.58,5.93
2023-05,MUN,PA|PARAGOMINAS,diesel_s10,4,5.9,5.6,5.934,5.48,5.94
2023-05,MUN,PA|PARAUAPEBAS,diesel,14,6.49,6.094,6.684,5.99,7.69
2023-05,MUN,PA|PARAUAPEBAS,diesel_s10,23,6.49,6.002,6.686,5.9,7.69
2023-05,MUN,PA|REDENCAO,diesel,7,5.39,5.19,5.642,5.19,5.69
2023-05,MUN,PA|REDENCAO,diesel_s10,5,5.4,5.19,5.49,5.19,5.49
2023-05,MUN,PA|SANTAREM,diesel,27,5.86,5.404,6.09,5.31,6.42
2023-05,MUN,PA|SANTAREM,diesel_s10,21,5.89,5.49,6.14,5.35,6.5
2023-05,MUN,PA|XINGUARA,diesel,7,5.7,5.578,6.738,5.485,6.99
2023-05,MUN,PA|XINGUARA,diesel_s10,7,5.7,5.578,6.738,5.485,6.99
2023-05,MUN,PB|BAYEUX,diesel,3,5.15,5.102,5.558,5.09,5.66
2023-05,MUN,PB|BAYEUX,diesel_s10,5,5.19,5.19,5.53,5.19,5.69
2023-05,MUN,PB|BAYEUX,gnv,2,4.24,4.24,4.24,4.24,4.24
2023-05,MUN,PB|CABEDELO,diesel,2,5.27,5.206,5.334,5.19,5.35
2023-05,MUN,PB|CABEDELO,diesel_s10,4,5.47,5.338,5.7,5.29,5.79
2023-05,MUN,PB|CABEDELO,gnv,1,4.24,4.24,4.24,4.24,4.24
2023-05,MUN,PB|CAMPINA GRANDE,diesel,17,5.29,4.962,5.49,4.89,5.69
2023-05,MUN,PB|CAMPINA GRANDE,diesel_s10,25,5.39,5.084,5.626,4.99,5.79
2023-05,MUN,PB|CAMPINA GRANDE,gnv,3,4.5,4.5,4.5,4.5,4.5
2023-05,MUN,PB|JOAO PESSOA,diesel,5,5.08,4.99,5.25,4.99,5.29
2023-05,MUN,PB|JOAO PESSOA,diesel_s10,13,5.29,5.208,5.49,5.08,5.49
2023-05,MUN,PB|JOAO PESSOA,gnv,3,4.24,4.24,4.248,4.24,4.25
2023-05,MUN,PB|PATOS,diesel,7,5.39,5.17,6.09,4.99,6.39
2023-05,MUN,PB|PATOS,diesel_s10,7,5.49,5.351,6.435,5.255,6.99
2023-05,MUN,PB|PATOS,gnv,1,5.04,5.04,5.04,5.04,5.04
2023-05,MUN,PB|SOUSA,diesel,5,5.325,5.09,5.63,5.05,5.79
2023-05,MUN,PB|SOUSA,diesel_s10,7,5.2,4.988,5.698,4.79,5.89
2023-05,MUN,PE|ARARIPINA,diesel_s10,7,5.39,4.89,5.836,4.89,5.89
2023-05,MUN,PE|ARCOVERDE,diesel,1,5.09,5.09,5.09,5.09,5.09
2023-05,MUN,PE|ARCOVERDE,diesel_s10,7,4.89,4.84,5.087,4.84,5.09
2023-05,MUN,PE|BELO JARDIM,diesel,1,4.99,4.99,4.99,4.99,4.99
2023-05,MUN,PE|BELO JARDIM,diesel_s10,5,4.99,4.99,5.18,4.99,5.24
2023-05,MUN,PE|CABO DE SANTO AGOSTINHO,diesel_s10,6,4.99,4.94,5.14,4.89,5.19
2023-05,MUN,PE|CABO DE SANTO AGOSTINHO,gnv,1,3.15,3.15,3.15,3.15,3.15
2023-05,MUN,PE|CARUARU,diesel,2,4.96,4.824,5.096,4.79,5.13
2023-05,MUN,PE|CARUARU,diesel_s10,18,4.99,4.97,5.292,4.89,5.49
2023-05,MUN,PE|GARANHUNS,diesel,1,4.62,4.62,4.62,4.62,4.62
2023-05,MUN,PE|GARANHUNS,diesel_s10,10,5.05,4.912,5.196,4.66,5.25
2023-05,MUN,PE|GOIANA,diesel,1,4.97,4.97,4.97,4.97,4.97
2023-05,MUN,PE|GOIANA,diesel_s10,7,4.89,4.736,4.992,4.715,5.01
2023-05,MUN,PE|GOIANA,gnv,2,3.15,3.15,3.15,3.15,3.15
2023-05,MUN,PE|IGARASSU,diesel_s10,7,4.99,4.986,5.11,4.98,5.29
2023-05,MUN,PE|IGARASSU,gnv,4,3.15,3.15,3.15,3.15,3.15
2023-05,MUN,PE|JABOATAO DOS GUARARAPES,diesel_s10,20,5.13,4.87,5.398,4.87,5.49
2023-05,MUN,PE|JABOATAO DOS GUARARAPES,gnv,7,3.15,3.15,3.15,3.15,3.15
2023-05,MUN,PE|LAJEDO,diesel_s10,8,5.05,4.868,5.09,4.84,5.09
2023-05,MUN,PE|OLINDA,diesel_s10,10,5.165,4.988,5.536,4.965,5.59
2023-05,MUN,PE|OLINDA,gnv,3,3.15,3.15,3.15,3.15,3.15
2023-05,MUN,PE|PAULISTA,diesel,1,5.47,5.47,5.47,5.47,5.47
2023-05,MUN,PE|PAULISTA,diesel_s10,10,4.99,4.97,5.418,4.97,5.67
2023-05,MUN,PE|PAULISTA,gnv,3,3.15,3.15,3.15,3.15,3.15
2023-05,MUN,PE|PETROLINA,diesel,4,5.19,5.043,5.295,4.98,5.34
2023-05,MUN,PE|PETROLINA,diesel_s10,12,5.205,5.1,5.462,4.99,5.49
2023-05,MUN,PE|RECIFE,diesel_s10,45,5.14,4.926,5.39,4.79,5.69
2023-05,MUN,PE|RECIFE,gnv,12,3.15,3.15,3.15,3.15,3.15
2023-05,MUN,PE|SALGUEIRO,diesel_s10,8,4.79,4.66,5.873,4.66,6.65
2023-05,MUN,PE|SANTA CRUZ DO CAPIBARIBE,diesel_s10,4,5.4,5.238,5.478,5.19,5.49
2023-05,MUN,PE|SERRA TALHADA,diesel_s10,8,5.15,5.092,5.325,4.98,5.64
2023-05,MUN,PE|VITORIA DE SANTO ANTAO,diesel,1,5.38,5.38,5.38,5.38,5.38
2023-05,MUN,PE|VITORIA DE SANTO ANTAO,diesel_s10,9,4.89,4.786,5.302,4.57,5.39
2023-05,MUN,PE|VITORIA DE SANTO ANTAO,gnv,2,3.15,3.15,3.15,3.15,3.15
2023-05,MUN,PI|PARNAIBA,diesel,8,5.79,5.16,6.59,5.09,6.59
2023-05,MUN,PI|PARNAIBA,diesel_s10,9,5.89,5.25,6.59,5.09,6.59
2023-05,MUN,PI|PICOS,diesel,8,5.405,5.244,5.6,5.17,5.6
2023-05,MUN,PI|PICOS,diesel_s10,13,5.475,5.215,5.689,5.16,6.75
2023-05,MUN,PI|PIRIPIRI,diesel,5,5.65,5.516,5.81,5.46,5.89
2023-05,MUN,PI|PIRIPIRI,diesel_s10,8,5.675,5.333,6.11,4.99,6.39
2023-05,MUN,PI|TERESINA,diesel,17,5.57,5.188,5.774,5.14,5.87
2023-05,MUN,PI|TERESINA,diesel_s10,31,5.59,5.24,5.79,5.09,5.89
2023-05,MUN,PR|APUCARANA,diesel,9,5.595,5.338,5.974,5.13,5.99
2023-05,MUN,PR|APUCARANA,diesel_s10,8,5.655,5.4,5.99,5.19,5.99
2023-05,MUN,PR|ARAPONGAS,diesel,7,4.99,4.79,5.33,4.79,5.54
2023-05,MUN,PR|ARAPONGAS,diesel_s10,9,5.19,4.79,6.07,4.79,6.19
2023-05,MUN,PR|ARAUCARIA,diesel,5,5.15,5.102,5.31,5.09,5.39
2023-05,MUN,PR|ARAUCARIA,diesel_s10,8,5.39,5.14,5.76,5.14,5.76
2023-05,MUN,PR|ASSIS CHATEAUBRIAND,diesel,5,4.79,4.718,5.476,4.67,5.62
2023-05,MUN,PR|ASSIS CHATEAUBRIAND,diesel_s10,4,4.915,4.82,4.975,4.79,4.99
2023-05,MUN,PR|CAMBE,diesel,5,5.1,4.85,5.196,4.79,5.2
2023-05,MUN,PR|CAMBE,diesel_s10,8,5.315,5.072,5.99,4.83,5.99
2023-05,MUN,PR|CAMPO LARGO,diesel,5,4.95,4.95,5.49,4.95,5.69
2023-05,MUN,PR|CAMPO LARGO,diesel_s10,6,5.29,4.99,5.34,4.99,5.39
2023-05,MUN,PR|CAMPO MOURAO,diesel,5,4.95,4.878,5.278,4.87,5.39
2023-05,MUN,PR|CAMPO MOURAO,diesel_s10,5,5.12,4.89,5.235,4.89,5.265
2023-05,MUN,PR|CASCAVEL,diesel,22,5.082,4.79,5.288,4.65,5.99
2023-05,MUN,PR|CASCAVEL,diesel_s10,27,5.09,4.84,5.31,4.72,5.99
2023-05,MUN,PR|CASTRO,diesel,8,5.295,4.961,5.504,4.94,5.535
2023-05,MUN,PR|CASTRO,diesel_s10,9,5.39,4.979,5.51,4.935,5.59
2023-05,MUN,PR|CIANORTE,diesel,5,4.8,4.63,5.154,4.55,5.39
2023-05,MUN,PR|CIANORTE,diesel_s10,5,4.8,4.75,5.142,4.75,5.29
2023-05,MUN,PR|COLOMBO,diesel,8,5.09,4.97,5.22,4.97,5.29
2023-05,MUN,PR|COLOMBO,diesel_s10,9,5.25,4.972,5.398,4.9,5.59
2023-05,MUN,PR|COLOMBO,gnv,1,5.19,5.19,5.19,5.19,5.19
2023-05,MUN,PR|CORNELIO PROCOPIO,diesel,6,5.54,5.135,5.82,4.88,5.85
2023-05,MUN,PR|CORNELIO PROCOPIO,diesel_s10,5,5.54,5.19,6.53,4.99,7.09
2023-05,MUN,PR|CURITIBA,diesel,16,5.178,4.69,5.47,4.59,6.89
2023-05,MUN,PR|CURITIBA,diesel_s10,76,5.305,4.965,5.765,4.69,6.99
2023-05,MUN,PR|CURITIBA,gnv,7,5.29,5.05,5.49,4.99,5.49
2023-05,MUN,PR|FOZ DO IGUACU,diesel,11,5.49,5.315,5.89,5.05,5.95
2023-05,MUN,PR|FOZ DO IGUACU,diesel_s10,12,5.59,5.3,5.953,5.09,5.99
2023-05,MUN,PR|FRANCISCO BELTRAO,diesel,8,5.415,5.294,5.547,5.29,5.68
2023-05,MUN,PR|FRANCISCO BELTRAO,diesel_s10,7,5.55,5.484,5.63,5.4,5.69
2023-05,MUN,PR|GUARAPUAVA,diesel,11,5.15,4.89,5.39,4.77,5.49
2023-05,MUN,PR|GUARAPUAVA,diesel_s10,15,5.19,4.94,5.45,4.84,5.59
2023-05,MUN,PR|LONDRINA,diesel,14,5.23,4.914,5.7,4.86,6.19
2023-05,MUN,PR|LONDRINA,diesel_s10,18,5.29,5.046,5.88,4.89,6.29
2023-05,MUN,PR|MARECHAL CANDIDO RONDON,diesel,2,5.195,4.999,5.391,4.95,5.44
2023-05,MUN,PR|MARECHAL CANDIDO RONDON,diesel_s10,3,5.39,5.062,5.486,4.98,5.51
2023-05,MUN,PR|MARINGA,diesel,6,4.93,4.865,5.465,4.84,5.54
2023-05,MUN,PR|MARINGA,diesel_s10,19,5.59,4.954,6.05,4.79,6.09
2023-05,MUN,PR|PARANAGUA,diesel,7,5.64,5.26,5.99,4.99,5.99
2023-05,MUN,PR|PARANAGUA,diesel_s10,6,5.728,5.515,5.99,5.49,6.09
2023-05,MUN,PR|PARANAVAI,diesel,7,5.19,4.9,5.8,4.81,5.89
2023-05,MUN,PR|PARANAVAI,diesel_s10,11,5.19,4.99,5.79,4.89,5.99
2023-05,MUN,PR|PATO BRANCO,diesel,2,5.492,5.414,5.57,5.395,5.59
2023-05,MUN,PR|PATO BRANCO,diesel_s10,8,5.56,5.339,5.99,5.22,5.99
2023-05,MUN,PR|PINHAIS,diesel,4,5.49,5.17,5.775,5.14,5.79
2023-05,MUN,PR|PINHAIS,diesel_s10,2,5.215,5.155,5.275,5.14,5.29
2023-05,MUN,PR|PONTA GROSSA,diesel,13,4.99,4.846,5.194,4.74,5.37
2023-05,MUN,PR|PONTA GROSSA,diesel_s10,17,4.99,4.89,5.302,4.79,5.39
2023-05,MUN,PR|PONTA GROSSA,gnv,1,5.59,5.59,5.59,5.59,5.59
2023-05,MUN,PR|SANTO ANTONIO DA PLATINA,diesel,5,4.925,4.81,5.37,4.76,5.59
2023-05,MUN,PR|SANTO ANTONIO DA PLATINA,diesel_s10,8,5.022,4.888,5.355,4.79,5.39
2023-05,MUN,PR|SAO JOSE DOS PINHAIS,diesel,7,5.175,4.95,5.56,4.89,5.77
2023-05,MUN,PR|SAO JOSE DOS PINHAIS,diesel_s10,19,5.39,4.998,5.696,4.99,5.79
2023-05,MUN,PR|SAO JOSE DOS PINHAIS,gnv,4,5.19,5.12,5.47,5.09,5.59
2023-05,MUN,PR|TOLEDO,diesel,6,5.115,4.925,5.39,4.865,5.49
2023-05,MUN,PR|TOLEDO,diesel_s10,10,5.165,4.844,5.522,4.79,5.99
2023-05,MUN,PR|UMUARAMA,diesel,8,4.972,4.89,5.156,4.89,5.17
2023-05,MUN,PR|UMUARAMA,diesel_s10,12,5.11,4.926,5.67,4.85,5.98
2023-05,MUN,PR|UNIAO DA VITORIA,diesel,6,5.44,5.05,5.61,4.75,5.66
2023-05,MUN,PR|UNIAO DA VITORIA,diesel_s10,5,5.54,5.03,5.688,4.79,5.72
2023-05,MUN,RJ|ANGRA DOS REIS,diesel,5,6.19,5.75,6.632,5.59,6.74
2023-05,MUN,RJ|ANGRA DOS REIS,diesel_s10,7,6.49,6.018,6.67,5.79,6.79
2023-05,MUN,RJ|ARARUAMA,diesel,4,5.99,5.792,6.3,5.75,6.39
2023-05,MUN,RJ|ARARUAMA,diesel_s10,8,5.99,5.742,6.14,5.49,6.49
2023-05,MUN,RJ|ARARUAMA,gnv,3,5.79,5.79,5.87,5.79,5.89
2023-05,MUN,RJ|BARRA DO PIRAI,diesel,4,5.89,5.82,5.96,5.79,5.99
2023-05,MUN,RJ|BARRA DO PIRAI,diesel_s10,4,5.89,5.61,6.002,5.49,6.05
2023-05,MUN,RJ|BARRA DO PIRAI,gnv,3,5.19,5.126,5.19,5.11,5.19
2023-05,MUN,RJ|BARRA MANSA,diesel,15,5.69,5.15,6.142,4.63,6.23
2023-05,MUN,RJ|BARRA MANSA,diesel_s10,16,5.69,5.29,6.19,4.69,6.35
2023-05,MUN,RJ|BARRA MANSA,gnv,8,4.99,4.86,4.99,4.79,4.99
2023-05,MUN,RJ|BELFORD ROXO,diesel,5,5.59,5.37,5.99,5.29,5.99
2023-05,MUN,RJ|BELFORD ROXO,diesel_s10,10,5.49,5.197,5.795,4.99,5.84
2023-05,MUN,RJ|BELFORD ROXO,gnv,9,4.49,4.39,4.69,4.39,4.69
2023-05,MUN,RJ|CABO FRIO,diesel,3,5.89,5.73,5.89,5.69,5.89
2023-05,MUN,RJ|CABO FRIO,diesel_s10,6,5.73,5.57,5.935,5.55,5.99
2023-05,MUN,RJ|CABO FRIO,gnv,8,4.77,4.677,4.78,4.67,4.78
2023-05,MUN,RJ|CAMPOS DOS GOYTACAZES,diesel,4,5.29,5.105,5.468,5.09,5.48
2023-05,MUN,RJ|CAMPOS DOS GOYTACAZES,diesel_s10,7,5.59,5.408,5.684,5.285,5.69
2023-05,MUN,RJ|CAMPOS DOS GOYTACAZES,gnv,4,4.89,4.89,4.946,4.89,4.97
2023-05,MUN,RJ|DUQUE DE CAXIAS,diesel,17,5.34,5.19,5.578,5.09,5.69
2023-05,MUN,RJ|DUQUE DE CAXIAS,diesel_s10,26,5.49,5.225,5.68,4.89,5.79
2023-05,MUN,RJ|DUQUE DE CAXIAS,gnv,23,4.37,4.17,4.57,4.17,4.69
2023-05,MUN,RJ|ITABORAI,diesel,7,5.25,4.87,5.376,4.69,5.49
2023-05,MUN,RJ|ITABORAI,diesel_s10,10,5.34,5.06,5.545,4.79,5.59
2023-05,MUN,RJ|ITABORAI,gnv,7,4.18,4.176,4.33,4.17,4.39
2023-05,MUN,RJ|ITAGUAI,diesel,4,5.44,5.145,5.63,5.04,5.69
2023-05,MUN,RJ|ITAGUAI,diesel_s10,9,5.49,5.17,5.654,5.09,5.79
2023-05,MUN,RJ|ITAGUAI,gnv,5,4.03,4.03,4.31,4.03,4.39
2023-05,MUN,RJ|ITAPERUNA,diesel,2,5.865,5.845,5.885,5.84,5.89
2023-05,MUN,RJ|ITAPERUNA,diesel_s10,1,5.94,5.94,5.94,5.94,5.94
2023-05,MUN,RJ|MACAE,diesel,5,5.87,5.77,6.19,5.77,6.19
2023-05,MUN,RJ|MACAE,diesel_s10,8,5.98,5.87,6.29,5.87,6.29
2023-05,MUN,RJ|MACAE,gnv,3,4.85,4.802,4.882,4.79,4.89
2023-05,MUN,RJ|MAGE,diesel_s10,1,5.29,5.29,5.29,5.29,5.29
2023-05,MUN,RJ|MARICA,diesel,4,5.25,5.138,5.558,5.09,5.69
2023-05,MUN,RJ|MARICA,diesel_s10,5,5.3,5.11,5.91,4.99,5.99
2023-05,MUN,RJ|MARICA,gnv,2,5.43,4.918,5.942,4.79,6.07
2023-05,MUN,RJ|NILOPOLIS,diesel_s10,3,5.64,5.52,5.68,5.49,5.69
2023-05,MUN,RJ|NILOPOLIS,gnv,2,4.49,4.49,4.49,4.49,4.49
2023-05,MUN,RJ|NITEROI,diesel,4,5.54,5.313,6.25,5.28,6.49
2023-05,MUN,RJ|NITEROI,diesel_s10,13,5.49,5.21,5.63,5.13,5.84
2023-05,MUN,RJ|NITEROI,gnv,6,4.19,4.185,4.49,4.18,4.79
2023-05,MUN,RJ|NOVA FRIBURGO,diesel,8,5.665,5.349,5.79,5.09,5.79
2023-05,MUN,RJ|NOVA FRIBURGO,diesel_s10,9,5.59,5.41,5.69,5.29,5.69
2023-05,MUN,RJ|NOVA FRIBURGO,gnv,1,5.99,5.99,5.99,5.99,5.99
2023-05,MUN,RJ|NOVA IGUACU,diesel,10,5.295,5.251,5.51,5.17,5.69
2023-05,MUN,RJ|NOVA IGUACU,diesel_s10,21,5.58,5.19,5.79,5.09,5.84
2023-05,MUN,RJ|NOVA IGUACU,gnv,10,4.29,4.179,4.4,4.08,4.49
2023-05,MUN,RJ|PETROPOLIS,diesel,11,5.49,5.39,5.89,5.39,5.89
2023-05,MUN,RJ|PETROPOLIS,diesel_s10,14,5.84,5.49,5.99,5.49,6.79
2023-05,MUN,RJ|PETROPOLIS,gnv,5,4.79,4.79,4.826,4.79,4.85
2023-05,MUN,RJ|RESENDE,diesel,6,5.105,4.825,5.585,4.69,5.88
2023-05,MUN,RJ|RESENDE,diesel_s10,14,5.74,5.064,5.99,4.74,6.04
2023-05,MUN,RJ|RESENDE,gnv,7,4.19,4.186,4.29,4.18,4.29
2023-05,MUN,RJ|RIO BONITO,diesel,5,5.39,4.966,5.73,4.89,5.89
2023-05,MUN,RJ|RIO BONITO,diesel_s10,5,5.53,5.37,5.77,5.29,5.89
2023-05,MUN,RJ|RIO DE JANEIRO,diesel,26,5.315,4.955,5.74,4.89,5.95
2023-05,MUN,RJ|RIO DE JANEIRO,diesel_s10,65,5.53,5.09,5.938,4.89,6.69
2023-05,MUN,RJ|RIO DE JANEIRO,gnv,64,4.17,4.043,4.39,3.97,4.79
2023-05,MUN,RJ|SANTO ANTONIO DE PADUA,diesel,8,5.24,4.99,5.571,4.99,5.69
2023-05,MUN,RJ|SANTO ANTONIO DE PADUA,diesel_s10,8,5.37,5.14,5.671,5.14,5.79
2023-05,MUN,RJ|SANTO ANTONIO DE PADUA,gnv,1,6.59,6.59,6.59,6.59,6.59
2023-05,MUN,RJ|SAO FRANCISCO DE ITABAPOANA,diesel,8,5.613,5.39,5.935,5.39,6.04
2023-05,MUN,RJ|SAO FRANCISCO DE ITABAPOANA,diesel_s10,4,5.49,5.472,5.69,5.465,5.775
2023-05,MUN,RJ|SAO FRANCISCO DE ITABAPOANA,gnv,1,5.18,5.18,5.18,5.18,5.18
2023-05,MUN,RJ|SAO GONCALO,diesel,17,5.49,5.084,6.09,4.89,6.29
2023-05,MUN,RJ|SAO GONCALO,diesel_s10,18,5.315,5.202,6.02,5.09,6.19
2023-05,MUN,RJ|SAO GONCALO,gnv,13,4.13,4.09,4.37,4.04,4.39
2023-05,MUN,RJ|SAO JOAO DE MERITI,diesel,5,5.49,5.121,5.73,5.075,5.89
2023-05,MUN,RJ|SAO JOAO DE MERITI,diesel_s10,11,5.09,4.99,5.99,4.89,6.85
2023-05,MUN,RJ|SAO JOAO DE MERITI,gnv,13,4.17,4.09,4.45,4.08,4.49
2023-05,MUN,RJ|SAQUAREMA,diesel,5,5.99,5.77,6.238,5.69,6.27
2023-05,MUN,RJ|SAQUAREMA,diesel_s10,8,6.035,5.79,6.344,5.79,6.47
2023-05,MUN,RJ|SAQUAREMA,gnv,3,5.79,5.782,5.79,5.78,5.79
2023-05,MUN,RJ|TERESOPOLIS,diesel,2,5.205,4.953,5.457,4.89,5.52
2023-05,MUN,RJ|TERESOPOLIS,diesel_s10,6,5.835,5.352,6.485,4.99,6.98
2023-05,MUN,RJ|TERESOPOLIS,gnv,1,4.79,4.79,4.79,4.79,4.79
2023-05,MUN,RJ|TRES RIOS,diesel,7,5.29,4.98,5.482,4.89,5.62
2023-05,MUN,RJ|TRES RIOS,diesel_s10,9,5.49,5.23,5.53,4.99,5.69
2023-05,MUN,RJ|TRES RIOS,gnv,3,5.65,5.57,5.65,5.55,5.65
2023-05,MUN,RJ|VALENCA,diesel,4,5.39,5.29,5.56,5.29,5.59
2023-05,MUN,RJ|VALENCA,diesel_s10,2,5.535,5.331,5.739,5.28,5.79
2023-05,MUN,RJ|VALENCA,gnv,1,5.38,5.38,5.38,5.38,5.38
2023-05,MUN,RJ|VOLTA REDONDA,diesel,7,5.69,5.29,5.95,5.29,6.19
2023-05,MUN,RJ|VOLTA REDONDA,diesel_s10,13,5.89,5.59,6.23,5.54,6.29
2023-05,MUN,RJ|VOLTA REDONDA,gnv,6,4.99,4.84,4.99,4.69,4.99
2023-05,MUN,RN|CAICO,diesel,7,5.82,5.584,5.99,5.5,6.14
2023-05,MUN,RN|CAICO,diesel_s10,9,5.99,5.896,6.25,5.88,6.29
2023-05,MUN,RN|MOSSORO,diesel,21,5.24,4.88,5.49,4.85,6.29
2023-05,MUN,RN|MOSSORO,diesel_s10,23,5.39,4.95,5.612,4.95,5.79
2023-05,MUN,RN|MOSSORO,gnv,2,5.27,4.726,5.814,4.59,5.95
2023-05,MUN,RN|NATAL,diesel,15,5.43,5.126,6.12,4.99,6.38
2023-05,MUN,RN|NATAL,diesel_s10,22,5.56,5.29,6.26,4.97,6.48
2023-05,MUN,RN|NATAL,gnv,8,4.39,4.298,4.39,4.245,4.39
2023-05,MUN,RN|PARNAMIRIM,diesel,3,5.29,4.97,5.65,4.89,5.74
2023-05,MUN,RN|PARNAMIRIM,diesel_s10,7,5.33,4.974,5.99,4.95,5.99
2023-05,MUN,RN|PARNAMIRIM,gnv,4,4.39,4.39,4.39,4.39,4.39
2023-05,MUN,RO|ARIQUEMES,diesel,10,5.79,5.69,6.192,5.6,6.39
2023-05,MUN,RO|ARIQUEMES,diesel_s10,10,5.815,5.71,6.393,5.62,6.42
2023-05,MUN,RO|CACOAL,diesel,9,5.86,5.412,6.07,5.16,6.35
2023-05,MUN,RO|CACOAL,diesel_s10,8,5.89,5.518,6.205,5.35,6.45
2023-05,MUN,RO|JI-PARANA,diesel,14,6.06,5.805,6.814,5.04,7.39
2023-05,MUN,RO|JI-PARANA,diesel_s10,14,6.125,5.855,6.854,5.32,7.39
2023-05,MUN,RO|PIMENTA BUENO,diesel,7,5.87,5.674,6.002,5.59,6.17
2023-05,MUN,RO|PIMENTA BUENO,diesel_s10,6,5.89,5.67,6.045,5.61,6.17
2023-05,MUN,RO|PORTO VELHO,diesel,17,5.99,5.676,6.46,5.13,6.98
2023-05,MUN,RO|PORTO VELHO,diesel_s10,21,6.09,5.85,6.44,5.15,7.02
2023-05,MUN,RO|VILHENA,diesel,8,5.96,5.808,6.344,5.79,6.47
2023-05,MUN,RO|VILHENA,diesel_s10,7,5.99,5.806,6.419,5.68,6.5
2023-05,MUN,RR|BOA VISTA,diesel,16,6.42,6.235,6.695,6.19,6.95
2023-05,MUN,RR|BOA VISTA,diesel_s10,23,6.425,6.335,6.488,6.29,6.99
2023-05,MUN,RS|ALEGRETE,diesel,7,5.49,5.35,5.818,5.29,5.89
2023-05,MUN,RS|ALEGRETE,diesel_s10,7,5.59,5.45,5.87,5.39,5.87
2023-05,MUN,RS|ALVORADA,diesel,6,5.565,5.37,5.74,5.29,5.89
2023-05,MUN,RS|ALVORADA,diesel_s10,3,5.52,5.416,5.616,5.39,5.64
2023-05,MUN,RS|ALVORADA,gnv,1,5.19,5.19,5.19,5.19,5.19
2023-05,MUN,RS|BAGE,diesel,14,5.965,5.84,6.181,5.79,6.41
2023-05,MUN,RS|BAGE,diesel_s10,13,6.15,5.99,6.29,5.79,6.29
2023-05,MUN,RS|BENTO GONCALVES,diesel,7,5.44,5.246,5.554,5.24,5.65
2023-05,MUN,RS|BENTO GONCALVES,diesel_s10,8,5.515,5.295,5.59,5.19,5.59
2023-05,MUN,RS|BENTO GONCALVES,gnv,1,5.39,5.39,5.39,5.39,5.39
2023-05,MUN,RS|CACHOEIRA DO SUL,diesel,9,5.28,5.2,5.466,5.12,5.89
2023-05,MUN,RS|CACHOEIRA DO SUL,diesel_s10,7,5.45,5.426,5.72,5.39,5.99
2023-05,MUN,RS|CACHOEIRINHA,diesel,6,5.24,4.975,5.94,4.96,6.59
2023-05,MUN,RS|CACHOEIRINHA,diesel_s10,5,5.39,5.152,5.39,5.06,5.39
2023-05,MUN,RS|CACHOEIRINHA,gnv,2,5.14,5.1,5.18,5.09,5.19
2023-05,MUN,RS|CANOAS,diesel,7,5.34,5.04,6.23,5.04,7.19
2023-05,MUN,RS|CANOAS,diesel_s10,11,5.39,5.09,5.99,5.03,6.49
2023-05,MUN,RS|CANOAS,gnv,3,5.19,5.03,5.27,4.99,5.29
2023-05,MUN,RS|CAXIAS DO SUL,diesel,10,5.328,5.239,5.464,5.23,5.59
2023-05,MUN,RS|CAXIAS DO SUL,diesel_s10,13,5.39,5.34,5.61,5.29,5.69
2023-05,MUN,RS|CAXIAS DO SUL,gnv,3,5.39,5.31,5.87,5.29,5.99
2023-05,MUN,RS|CRUZ ALTA,diesel,8,5.765,5.56,5.935,5.49,6.04
2023-05,MUN,RS|CRUZ ALTA,diesel_s10,9,5.94,5.61,6.02,5.29,6.14
2023-05,MUN,RS|ERECHIM,diesel,7,5.41,5.15,5.734,5.09,5.89
2023-05,MUN,RS|ERECHIM,diesel_s10,12,5.55,5.345,5.88,5.19,5.99
2023-05,MUN,RS|ESTEIO,diesel,7,5.16,4.922,5.53,4.82,5.59
2023-05,MUN,RS|ESTEIO,diesel_s10,8,5.44,4.995,5.69,4.89,5.69
2023-05,MUN,RS|ESTEIO,gnv,1,4.99,4.99,4.99,4.99,4.99
2023-05,MUN,RS|GRAMADO,diesel,3,6.29,5.898,6.61,5.8,6.69
2023-05,MUN,RS|GRAMADO,diesel_s10,5,5.99,5.804,6.67,5.74,6.79
2023-05,MUN,RS|GRAVATAI,diesel,9,5.19,4.946,5.29,4.89,5.29
2023-05,MUN,RS|GRAVATAI,diesel_s10,10,5.275,5.053,5.39,4.99,5.39
2023-05,MUN,RS|GRAVATAI,gnv,2,5.185,5.109,5.261,5.09,5.28
2023-05,MUN,RS|GUAIBA,diesel,1,5.85,5.85,5.85,5.85,5.85
2023-05,MUN,RS|GUAIBA,diesel_s10,1,5.95,5.95,5.95,5.95,5.95
2023-05,MUN,RS|IJUI,diesel,10,5.523,5.18,5.698,5.09,5.765
2023-05,MUN,RS|IJUI,diesel_s10,10,5.635,5.258,5.798,5.19,5.865
2023-05,MUN,RS|LAJEADO,diesel,6,5.19,5.09,5.295,5.09,5.4
2023-05,MUN,RS|LAJEADO,diesel_s10,12,5.265,5.19,5.434,5.14,5.74
2023-05,MUN,RS|LAJEADO,gnv,1,5.83,5.83,5.83,5.83,5.83
2023-05,MUN,RS|NOVO HAMBURGO,diesel,7,4.89,4.89,5.29,4.89,5.29
2023-05,MUN,RS|NOVO HAMBURGO,diesel_s10,12,4.99,4.95,5.49,4.94,5.89
2023-05,MUN,RS|OSORIO,diesel,8,4.81,4.725,5.178,4.69,5.29
2023-05,MUN,RS|OSORIO,diesel_s10,7,4.89,4.844,5.294,4.79,5.39
2023-05,MUN,RS|PASSO FUNDO,diesel,11,5.29,4.84,5.49,4.79,5.59
2023-05,MUN,RS|PASSO FUNDO,diesel_s10,20,5.43,5.079,5.69,4.96,6.49
2023-05,MUN,RS|PELOTAS,diesel,19,5.59,5.39,6.01,5.22,6.17
2023-05,MUN,RS|PELOTAS,diesel_s10,21,5.7,5.49,6.09,5.32,6.37
2023-05,MUN,RS|PORTO ALEGRE,diesel,18,5.34,5.16,5.671,5.09,7.19
2023-05,MUN,RS|PORTO ALEGRE,diesel_s10,28,5.49,5.232,5.89,4.92,6.19
2023-05,MUN,RS|PORTO ALEGRE,gnv,9,5.19,5.05,5.29,4.89,5.29
2023-05,MUN,RS|RIO GRANDE,diesel,8,5.705,5.63,5.79,5.49,5.79
2023-05,MUN,RS|RIO GRANDE,diesel_s10,13,5.79,5.71,5.887,5.48,5.89
2023-05,MUN,RS|SANTA CRUZ DO SUL,diesel,10,5.59,5.48,5.845,5.39,5.89
2023-05,MUN,RS|SANTA CRUZ DO SUL,diesel_s10,15,5.68,5.56,5.916,5.38,5.99
2023-05,MUN,RS|SANTA MARIA,diesel,13,5.39,5.21,5.77,5.19,6.19
2023-05,MUN,RS|SANTA MARIA,diesel_s10,15,5.49,5.29,5.75,5.04,5.99
2023-05,MUN,RS|SANTA MARIA,gnv,1,6.22,6.22,6.22,6.22,6.22
2023-05,MUN,RS|SANTA ROSA,diesel,9,5.37,5.185,5.582,5.105,5.59
2023-05,MUN,RS|SANTA ROSA,diesel_s10,9,5.49,5.285,5.748,5.285,5.98
2023-05,MUN,RS|SANTANA DO LIVRAMENTO,diesel,8,5.94,5.9,5.988,5.805,6.005
2023-05,MUN,RS|SANTANA DO LIVRAMENTO,diesel_s10,13,5.99,5.89,6.062,5.79,6.205
2023-05,MUN,RS|SANTO ANGELO,diesel,8,5.485,5.169,5.715,5.05,5.89
2023-05,MUN,RS|SANTO ANGELO,diesel_s10,7,5.58,5.47,5.825,5.32,5.99
2023-05,MUN,RS|SAO GABRIEL,diesel,5,5.665,5.478,6.05,5.37,6.09
2023-05,MUN,RS|SAO GABRIEL,diesel_s10,7,5.765,5.632,6.13,5.47,6.19
2023-05,MUN,RS|SAO LEOPOLDO,diesel,9,4.99,4.766,5.25,4.73,5.29
2023-05,MUN,RS|SAO LEOPOLDO,diesel_s10,11,5.19,4.94,5.39,4.85,5.69
2023-05,MUN,RS|SAO LEOPOLDO,gnv,1,5.22,5.22,5.22,5.22,5.22
2023-05,MUN,RS|SAO LUIZ GONZAGA,diesel,8,5.39,5.325,5.612,5.22,5.64
2023-05,MUN,RS|SAO LUIZ GONZAGA,diesel_s10,8,5.45,5.236,5.604,5.1,5.74
2023-05,MUN,RS|SAPIRANGA,diesel,5,4.99,4.831,5.25,4.765,5.29
2023-05,MUN,RS|SAPIRANGA,diesel_s10,8,5.265,5.06,5.435,4.99,5.54
2023-05,MUN,RS|SAPIRANGA,gnv,1,4.99,4.99,4.99,4.99,4.99
2023-05,MUN,RS|SAPUCAIA DO SUL,diesel,6,5.04,4.962,5.09,4.94,5.09
2023-05,MUN,RS|SAPUCAIA DO SUL,diesel_s10,7,5.26,5.05,5.39,4.99,5.39
2023-05,MUN,RS|SAPUCAIA DO SUL,gnv,1,5.22,5.22,5.22,5.22,5.22
2023-05,MUN,RS|TORRES,diesel,7,5.19,5.07,5.282,5.04,5.39
2023-05,MUN,RS|TORRES,diesel_s10,8,5.265,5.12,5.385,5.075,5.49
2023-05,MUN,RS|URUGUAIANA,diesel,7,5.61,5.558,5.914,5.51,5.95
2023-05,MUN,RS|URUGUAIANA,diesel_s10,9,5.71,5.658,6.084,5.61,6.1
2023-05,MUN,RS|VACARIA,diesel,10,5.065,4.965,5.415,4.74,5.64
2023-05,MUN,RS|VACARIA,diesel_s10,9,5.29,5.17,5.49,5.09,5.49
2023-05,MUN,RS|VACARIA,gnv,1,6.59,6.59,6.59,6.59,6.59
2023-05,MUN,RS|VIAMAO,diesel,8,5.375,5.039,5.68,4.99,5.89
2023-05,MUN,RS|VIAMAO,diesel_s10,7,5.54,5.153,5.81,5.09,5.99
2023-05,MUN,RS|VIAMAO,gnv,2,5.425,5.317,5.533,5.29,5.56
2023-05,MUN,SC|ARARANGUA,diesel,4,5.04,4.795,5.04,4.69,5.04
2023-05,MUN,SC|ARARANGUA,diesel_s10,11,4.99,4.95,5.49,4.79,5.59
2023-05,MUN,SC|ARARANGUA,gnv,1,5.47,5.47,5.47,5.47,5.47
2023-05,MUN,SC|BALNEARIO CAMBORIU,diesel,3,5.34,5.3,5.62,5.29,5.69
2023-05,MUN,SC|BALNEARIO CAMBORIU,diesel_s10,5,5.79,5.39,6.31,5.39,6.59
2023-05,MUN,SC|BALNEARIO CAMBORIU,gnv,1,5.34,5.34,5.34,5.34,5.34
2023-05,MUN,SC|BIGUACU,diesel,4,5.448,5.299,5.634,5.26,5.69
2023-05,MUN,SC|BIGUACU,diesel_s10,8,5.68,5.525,6.07,5.49,6.49
2023-05,MUN,SC|BIGUACU,gnv,2,5.49,5.49,5.49,5.49,5.49
2023-05,MUN,SC|BLUMENAU,diesel,2,5.515,5.455,5.575,5.44,5.59
2023-05,MUN,SC|BLUMENAU,diesel_s10,4,5.7,5.69,5.766,5.69,5.79
2023-05,MUN,SC|BLUMENAU,gnv,1,5.49,5.49,5.49,5.49,5.49
2023-05,MUN,SC|BRUSQUE,diesel,5,5.99,5.61,6.59,5.49,6.99
2023-05,MUN,SC|BRUSQUE,diesel_s10,8,5.785,5.656,6.29,5.59,6.99
2023-05,MUN,SC|BRUSQUE,gnv,3,5.69,5.69,5.69,5.69,5.69
2023-05,MUN,SC|CACADOR,diesel,7,5.54,5.43,5.8,5.34,5.89
2023-05,MUN,SC|CACADOR,diesel_s10,9,5.815,5.41,6.016,5.29,6.12
2023-05,MUN,SC|CHAPECO,diesel,8,5.232,4.97,5.514,4.875,5.65
2023-05,MUN,SC|CHAPECO,diesel_s10,18,5.272,4.976,5.673,4.94,5.89
2023-05,MUN,SC|CONCORDIA,diesel,7,5.75,5.496,5.832,5.4,5.85
2023-05,MUN,SC|CONCORDIA,diesel_s10,9,5.79,5.568,6.074,5.48,6.49
2023-05,MUN,SC|CRICIUMA,diesel,16,5.19,5.015,5.43,4.84,5.89
2023-05,MUN,SC|CRICIUMA,diesel_s10,16,5.29,5.14,6.04,5.09,6.68
2023-05,MUN,SC|CRICIUMA,gnv,5,5.28,5.28,5.368,5.28,5.42
2023-05,MUN,SC|FLORIANOPOLIS,diesel,1,5.79,5.79,5.79,5.79,5.79
2023-05,MUN,SC|FLORIANOPOLIS,diesel_s10,11,5.89,5.79,6.11,5.49,6.37
2023-05,MUN,SC|FLORIANOPOLIS,gnv,1,5.49,5.49,5.49,5.49,5.49
2023-05,MUN,SC|ITAJAI,diesel,6,5.36,5.29,5.39,5.29,5.39
2023-05,MUN,SC|ITAJAI,diesel_s10,14,5.432,5.37,5.73,5.215,5.99
2023-05,MUN,SC|ITAJAI,gnv,2,5.49,5.49,5.49,5.49,5.49
2023-05,MUN,SC|JARAGUA DO SUL,diesel,5,5.29,5.266,5.574,5.25,5.73
2023-05,MUN,SC|JARAGUA DO SUL,diesel_s10,8,5.4,5.281,5.641,5.19,5.69
2023-05,MUN,SC|JARAGUA DO SUL,gnv,2,5.49,5.49,5.49,5.49,5.49
2023-05,MUN,SC|JOINVILLE,diesel,5,5.39,5.206,5.728,5.15,5.88
2023-05,MUN,SC|JOINVILLE,diesel_s10,26,5.58,5.275,5.825,5.09,5.89
2023-05,MUN,SC|JOINVILLE,gnv,4,5.285,5.183,5.667,5.18,5.79
2023-05,MUN,SC|LAGES,diesel,10,5.54,5.017,5.731,4.99,5.83
2023-05,MUN,SC|LAGES,diesel_s10,12,5.59,5.123,5.784,5.09,5.93
2023-05,MUN,SC|LAGUNA,diesel,5,5.68,5.03,5.81,4.99,5.89
2023-05,MUN,SC|LAGUNA,diesel_s10,6,5.785,5.09,5.915,4.99,5.99
2023-05,MUN,SC|LAGUNA,gnv,3,5.22,5.14,5.596,5.12,5.69
2023-05,MUN,SC|MAFRA,diesel,4,5.39,5.138,5.502,5.03,5.55
2023-05,MUN,SC|MAFRA,diesel_s10,9,5.57,5.082,5.91,4.99,5.99
2023-05,MUN,SC|PALHOCA,diesel,6,5.652,5.54,5.84,5.54,5.89
2023-05,MUN,SC|PALHOCA,diesel_s10,16,5.68,5.428,5.99,5.34,5.99
2023-05,MUN,SC|PALHOCA,gnv,3,5.49,5.33,5.49,5.29,5.49
2023-05,MUN,SC|SAO JOSE,diesel,4,5.74,5.585,5.86,5.54,5.89
2023-05,MUN,SC|SAO JOSE,diesel_s10,17,5.69,5.452,5.93,5.36,6.79
2023-05,MUN,SC|SAO JOSE,gnv,4,5.44,5.32,5.49,5.29,5.49
2023-05,MUN,SC|TUBARAO,diesel,11,4.99,4.69,5.69,4.68,5.74
2023-05,MUN,SC|TUBARAO,diesel_s10,12,5.115,4.9,5.79,4.79,5.96
2023-05,MUN,SC|TUBARAO,gnv,4,5.205,5.029,5.29,4.99,5.29
2023-05,MUN,SC|VIDEIRA,diesel,6,5.895,5.49,5.955,5.39,5.99
2023-05,MUN,SC|VIDEIRA,diesel_s10,6,5.84,5.44,6.02,5.39,6.05
2023-05,MUN,SC|XANXERE,diesel,8,5.492,5.231,5.689,5.14,5.78
2023-05,MUN,SC|XANXERE,diesel_s10,10,5.65,5.442,5.699,5.19,5.78
2023-05,MUN,SE|ARACAJU,diesel_s10,7,5.35,4.78,6.07,4.78,6.19
2023-05,MUN,SE|ARACAJU,gnv,5,4.68,4.68,4.734,4.68,4.77
2023-05,MUN,SE|ITABAIANA,diesel,6,4.63,4.63,4.675,4.63,4.72
2023-05,MUN,SE|ITABAIANA,diesel_s10,7,4.78,4.78,4.912,4.78,4.96
2023-05,MUN,SE|LAGARTO,diesel,6,4.63,4.63,4.715,4.63,4.78
2023-05,MUN,SE|LAGARTO,diesel_s10,6,4.78,4.78,4.88,4.78,4.98
2023-05,MUN,SE|NOSSA SENHORA DO SOCORRO,diesel,5,4.85,4.69,5.166,4.69,5.35
2023-05,MUN,SE|NOSSA SENHORA DO SOCORRO,diesel_s10,7,5.04,4.744,5.53,4.69,5.59
2023-05,MUN,SE|NOSSA SENHORA DO SOCORRO,gnv,1,4.68,4.68,4.68,4.68,4.68
2023-05,MUN,SP|ADAMANTINA,diesel,4,5.477,5.012,5.96,4.99,5.99
2023-05,MUN,SP|ADAMANTINA,diesel_s10,6,5.057,4.885,5.84,4.88,5.89
2023-05,MUN,SP|AMERICANA,diesel,7,5.39,5.144,5.795,4.94,5.99
2023-05,MUN,SP|AMERICANA,diesel_s10,16,5.48,5.065,5.865,4.89,5.99
2023-05,MUN,SP|AMPARO,diesel,8,5.59,5.465,5.824,5.465,5.95
2023-05,MUN,SP|AMPARO,diesel_s10,7,5.64,5.515,5.9,5.515,5.99
2023-05,MUN,SP|ARACATUBA,diesel,6,5.045,4.8,5.635,4.69,5.8
2023-05,MUN,SP|ARACATUBA,diesel_s10,13,5.79,5.01,5.97,4.79,5.99
2023-05,MUN,SP|ARACATUBA,gnv,1,5.07,5.07,5.07,5.07,5.07
2023-05,MUN,SP|ARARAQUARA,diesel,6,5.74,5.09,6.14,4.99,6.14
2023-05,MUN,SP|ARARAQUARA,diesel_s10,12,5.665,5.198,5.99,5.04,6.19
2023-05,MUN,SP|ARARAQUARA,gnv,2,5.075,5.063,5.087,5.06,5.09
2023-05,MUN,SP|ARARAS,diesel,5,5.35,5.132,5.766,5.04,5.95
2023-05,MUN,SP|ARARAS,diesel_s10,7,5.39,5.218,5.87,5.14,5.99
2023-05,MUN,SP|ASSIS,diesel,4,5.358,5.17,5.843,5.15,5.99
2023-05,MUN,SP|ASSIS,diesel_s10,9,5.49,5.11,5.77,4.79,6.09
2023-05,MUN,SP|ATIBAIA,diesel,12,5.27,4.996,5.49,4.89,5.59
2023-05,MUN,SP|ATIBAIA,diesel_s10,18,5.34,5.06,5.72,4.89,6.14
2023-05,MUN,SP|AVARE,diesel,4,5.59,5.505,5.745,5.49,5.79
2023-05,MUN,SP|AVARE,diesel_s10,8,5.69,4.935,5.92,4.69,5.99
2023-05,MUN,SP|BARRETOS,diesel,3,5.59,5.454,6.23,5.42,6.39
2023-05,MUN,SP|BARRETOS,diesel_s10,9,5.795,5.24,6.47,5.04,6.79
2023-05,MUN,SP|BARUERI,diesel,6,5.285,5.065,5.43,5.04,5.49
2023-05,MUN,SP|BARUERI,diesel_s10,14,5.49,5.035,5.99,4.89,6.79
2023-05,MUN,SP|BARUERI,gnv,2,3.99,3.99,3.99,3.99,3.99
2023-05,MUN,SP|BAURU,diesel,4,5.29,4.937,5.528,4.85,5.565
2023-05,MUN,SP|BAURU,diesel_s10,7,5.54,5.41,5.67,5.29,5.79
2023-05,MUN,SP|BEBEDOURO,diesel,8,5.215,5.026,5.366,4.97,5.59
2023-05,MUN,SP|BEBEDOURO,diesel_s10,7,5.39,5.118,5.51,5.07,5.69
2023-05,MUN,SP|BIRIGUI,diesel,3,5.525,5.417,5.657,5.39,5.69
2023-05,MUN,SP|BIRIGUI,diesel_s10,5,5.49,5.03,5.85,4.99,5.89
2023-05,MUN,SP|BOTUCATU,diesel,5,5.24,4.93,5.44,4.89,5.54
2023-05,MUN,SP|BOTUCATU,diesel_s10,11,5.39,5.04,5.69,4.99,5.69
2023-05,MUN,SP|BRAGANCA PAULISTA,diesel,6,5.39,5.09,6.395,5.09,6.6
2023-05,MUN,SP|BRAGANCA PAULISTA,diesel_s10,8,5.49,5.26,6.401,5.19,6.66
2023-05,MUN,SP|CACAPAVA,diesel,2,5.71,5.046,6.374,4.88,6.54
2023-05,MUN,SP|CACAPAVA,diesel_s10,5,5.29,5.007,6.19,4.965,6.69
2023-05,MUN,SP|CAMPINAS,diesel,15,5.39,5.184,6.764,5.07,6.83
2023-05,MUN,SP|CAMPINAS,diesel_s10,32,5.64,5.281,6.46,4.87,6.93
2023-05,MUN,SP|CAMPINAS,gnv,3,4.39,4.35,4.47,4.34,4.49
2023-05,MUN,SP|CARAGUATATUBA,diesel,9,5.39,4.97,5.602,4.89,5.65
2023-05,MUN,SP|CARAGUATATUBA,diesel_s10,10,5.44,4.99,5.795,4.99,5.84
2023-05,MUN,SP|CARAPICUIBA,diesel,1,5.59,5.59,5.59,5.59,5.59
2023-05,MUN,SP|CARAPICUIBA,diesel_s10,8,5.39,5.054,5.84,4.97,6.19
2023-05,MUN,SP|CATANDUVA,diesel,2,5.365,5.185,5.545,5.14,5.59
2023-05,MUN,SP|CATANDUVA,diesel_s10,7,5.39,5.22,5.59,5.19,5.59
2023-05,MUN,SP|CATANDUVA,gnv,1,5.15,5.15,5.15,5.15,5.15
2023-05,MUN,SP|COSMOPOLIS,diesel,3,4.99,4.99,5.214,4.99,5.27
2023-05,MUN,SP|COSMOPOLIS,diesel_s10,4,5.205,5.02,5.509,4.99,5.59
2023-05,MUN,SP|COTIA,diesel,8,5.265,5.11,5.75,5.04,5.89
2023-05,MUN,SP|COTIA,diesel_s10,12,5.49,5.155,5.78,5.14,5.99
2023-05,MUN,SP|CRUZEIRO,diesel,3,5.615,5.275,5.715,5.19,5.74
2023-05,MUN,SP|CRUZEIRO,diesel_s10,7,5.705,5.284,5.87,5.17,5.99
2023-05,MUN,SP|CRUZEIRO,gnv,1,4.76,4.76,4.76,4.76,4.76
2023-05,MUN,SP|CUBATAO,diesel,4,6.185,5.239,6.522,4.96,6.54
2023-05,MUN,SP|CUBATAO,diesel_s10,7,6.39,5.592,6.584,5.04,6.59
2023-05,MUN,SP|DIADEMA,diesel,3,4.9,4.732,5.532,4.69,5.69
2023-05,MUN,SP|DIADEMA,diesel_s10,11,5.49,5.03,6.125,4.69,6.19
2023-05,MUN,SP|DRACENA,diesel,7,5.47,5.13,5.57,5.115,5.69
2023-05,MUN,SP|DRACENA,diesel_s10,3,5.05,4.922,5.082,4.89,5.09
2023-05,MUN,SP|EMBU DAS ARTES,diesel,5,5.59,5.394,5.614,5.29,5.63
2023-05,MUN,SP|EMBU DAS ARTES,diesel_s10,6,5.535,5.24,5.68,5.09,5.69
2023-05,MUN,SP|FRANCA,diesel,17,5.19,5.002,5.39,4.79,5.44
2023-05,MUN,SP|FRANCA,diesel_s10,15,5.39,5.106,5.65,4.89,5.79
2023-05,MUN,SP|GARCA,diesel,6,5.13,4.97,5.54,4.97,5.59
2023-05,MUN,SP|GARCA,diesel_s10,7,5.19,5.05,5.5,4.99,5.59
2023-05,MUN,SP|GUARATINGUETA,diesel,6,5.76,5.165,5.995,4.99,6.15
2023-05,MUN,SP|GUARATINGUETA,diesel_s10,5,6.19,5.45,6.19,5.09,6.19
2023-05,MUN,SP|GUARATINGUETA,gnv,2,4.79,4.79,4.79,4.79,4.79
2023-05,MUN,SP|GUARUJA,diesel,5,5.19,5.022,6.05,4.93,6.29
2023-05,MUN,SP|GUARUJA,diesel_s10,10,5.84,4.961,6.394,4.79,6.43
2023-05,MUN,SP|GUARULHOS,diesel,10,5.205,4.87,6.0,4.69,6.09
2023-05,MUN,SP|GUARULHOS,diesel_s10,20,5.29,4.79,5.7,4.69,6.19
2023-05,MUN,SP|GUARULHOS,gnv,3,4.19,4.19,4.27,4.19,4.29
2023-05,MUN,SP|HORTOLANDIA,diesel,8,5.19,5.012,5.42,4.83,5.49
2023-05,MUN,SP|HORTOLANDIA,diesel_s10,7,5.29,5.086,5.47,4.93,5.59
2023-05,MUN,SP|HORTOLANDIA,gnv,1,4.34,4.34,4.34,4.34,4.34
2023-05,MUN,SP|IBITINGA,diesel,5,5.14,5.026,5.53,4.99,5.59
2023-05,MUN,SP|IBITINGA,diesel_s10,6,5.29,5.035,5.54,4.99,5.59
2023-05,MUN,SP|INDAIATUBA,diesel,8,5.115,5.014,5.405,4.93,5.44
2023-05,MUN,SP|INDAIATUBA,diesel_s10,12,5.365,5.081,5.585,5.03,5.69
2023-05,MUN,SP|INDAIATUBA,gnv,1,4.09,4.09,4.09,4.09,4.09
2023-05,MUN,SP|ITANHAEM,diesel,4,5.575,5.508,5.866,5.49,5.98
2023-05,MUN,SP|ITANHAEM,diesel_s10,4,5.95,5.75,6.416,5.69,6.59
2023-05,MUN,SP|ITAPECERICA DA SERRA,diesel,5,5.39,4.89,5.55,4.69,5.59
2023-05,MUN,SP|ITAPECERICA DA SERRA,diesel_s10,9,5.47,5.19,5.61,4.79,5.69
2023-05,MUN,SP|ITAPETININGA,diesel,5,6.29,4.99,6.95,4.99,6.95
2023-05,MUN,SP|ITAPETININGA,diesel_s10,7,5.89,5.046,6.99,5.04,6.99
2023-05,MUN,SP|ITAPEVA,diesel,4,5.425,5.001,5.8,4.89,5.89
2023-05,MUN,SP|ITAPEVA,diesel_s10,5,5.33,4.934,5.558,4.83,5.69
2023-05,MUN,SP|ITAPIRA,diesel,6,5.39,5.24,5.49,5.19,5.49
2023-05,MUN,SP|ITAPIRA,diesel_s10,6,5.44,5.34,5.54,5.29,5.59
2023-05,MUN,SP|ITAPOLIS,diesel,8,5.015,4.99,5.536,4.99,5.55
2023-05,MUN,SP|ITAPOLIS,diesel_s10,8,5.265,4.99,5.59,4.99,5.59
2023-05,MUN,SP|ITAQUAQUECETUBA,diesel,9,5.48,5.111,5.682,4.795,5.79
2023-05,MUN,SP|ITAQUAQUECETUBA,diesel_s10,17,5.54,5.22,5.76,4.795,5.79
2023-05,MUN,SP|ITATIBA,diesel,9,5.53,4.87,5.766,4.87,6.19
2023-05,MUN,SP|ITATIBA,diesel_s10,10,5.565,4.89,5.921,4.89,6.29
2023-05,MUN,SP|ITATIBA,gnv,1,4.515,4.515,4.515,4.515,4.515
2023-05,MUN,SP|ITU,diesel,4,5.218,5.029,6.278,4.99,6.69
2023-05,MUN,SP|ITU,diesel_s10,8,5.37,5.116,5.98,4.99,6.89
2023-05,MUN,SP|JABOTICABAL,diesel,7,5.49,5.054,5.7,5.0,5.79
2023-05,MUN,SP|JABOTICABAL,diesel_s10,9,5.39,5.11,5.75,4.99,6.19
2023-05,MUN,SP|JACAREI,diesel,5,5.09,5.01,5.17,4.99,5.17
2023-05,MUN,SP|JACAREI,diesel_s10,8,5.158,5.046,5.29,4.99,5.29
2023-05,MUN,SP|JALES,diesel,10,5.89,5.59,5.915,5.59,6.14
2023-05,MUN,SP|JALES,diesel_s10,9,5.99,5.69,6.04,5.69,6.24
2023-05,MUN,SP|JAU,diesel,3,5.49,5.17,5.73,5.09,5.79
2023-05,MUN,SP|JAU,diesel_s10,6,5.515,5.29,5.94,5.19,6.09
2023-05,MUN,SP|JOSE BONIFACIO,diesel,8,5.455,4.865,5.638,4.69,5.69
2023-05,MUN,SP|JOSE BONIFACIO,diesel_s10,7,5.57,5.05,5.745,4.99,5.79
2023-05,MUN,SP|JUNDIAI,diesel,12,5.605,5.19,5.844,4.99,5.89
2023-05,MUN,SP|JUNDIAI,diesel_s10,21,5.63,5.29,5.99,5.14,6.19
2023-05,MUN,SP|JUNDIAI,gnv,4,4.29,4.276,4.29,4.27,4.29
2023-05,MUN,SP|LEME,diesel,4,5.14,5.105,5.245,5.09,5.29
2023-05,MUN,SP|LEME,diesel_s10,5,5.24,4.89,5.36,4.69,5.44
2023-05,MUN,SP|LIMEIRA,diesel,17,5.24,4.61,5.584,4.45,5.89
2023-05,MUN,SP|LIMEIRA,diesel_s10,22,5.44,4.9,5.952,4.55,6.39
2023-05,MUN,SP|LIMEIRA,gnv,1,4.89,4.89,4.89,4.89,4.89
2023-05,MUN,SP|LINS,diesel,4,5.39,4.97,5.845,4.79,6.04
2023-05,MUN,SP|LINS,diesel_s10,11,5.49,4.99,6.17,4.84,6.19
2023-05,MUN,SP|LORENA,diesel,2,4.89,4.89,4.89,4.89,4.89
2023-05,MUN,SP|LORENA,diesel_s10,4,5.105,4.985,5.652,4.97,5.85
2023-05,MUN,SP|MARILIA,diesel,7,5.35,5.246,5.746,5.24,5.89
2023-05,MUN,SP|MARILIA,diesel_s10,9,5.34,5.25,5.79,5.09,5.99
2023-05,MUN,SP|MATAO,diesel,4,5.44,4.78,5.897,4.69,5.9
2023-05,MUN,SP|MATAO,diesel_s10,7,5.57,4.97,5.97,4.79,6.09
2023-05,MUN,SP|MAUA,diesel,1,5.47,5.47,5.47,5.47,5.47
2023-05,MUN,SP|MAUA,diesel_s10,10,5.54,5.165,5.8,4.94,5.89
2023-05,MUN,SP|MAUA,gnv,2,4.79,4.79,4.79,4.79,4.79
2023-05,MUN,SP|MIRASSOL,diesel,7,5.29,5.08,5.638,5.065,5.86
2023-05,MUN,SP|MIRASSOL,diesel_s10,7,5.54,5.23,5.77,5.14,5.89
2023-05,MUN,SP|MOCOCA,diesel,6,5.44,5.14,5.64,4.99,5.69
2023-05,MUN,SP|MOCOCA,diesel_s10,8,5.54,5.095,5.79,4.99,5.79
2023-05,MUN,SP|MOGI DAS CRUZES,diesel,6,5.465,5.13,6.03,5.09,6.07
2023-05,MUN,SP|MOGI DAS CRUZES,diesel_s10,13,5.49,5.11,6.03,4.95,6.14
2023-05,MUN,SP|MOGI DAS CRUZES,gnv,3,4.79,4.39,4.79,4.29,4.79
2023-05,MUN,SP|MOGI GUACU,diesel,7,5.41,5.25,5.71,5.19,5.89
2023-05,MUN,SP|MOGI GUACU,diesel_s10,8,5.54,5.36,6.034,5.29,6.135
2023-05,MUN,SP|MOGI GUACU,gnv,2,4.37,4.354,4.386,4.35,4.39
2023-05,MUN,SP|MOGI MIRIM,diesel,8,5.29,4.872,5.541,4.69,5.66
2023-05,MUN,SP|MOGI MIRIM,diesel_s10,9,5.39,4.95,5.624,4.79,5.76
2023-05,MUN,SP|MOGI MIRIM,gnv,1,4.39,4.39,4.39,4.39,4.39
2023-05,MUN,SP|MONTE ALTO,diesel,5,5.05,4.99,5.129,4.99,5.155
2023-05,MUN,SP|MONTE ALTO,diesel_s10,5,5.19,5.022,5.302,4.99,5.31
2023-05,MUN,SP|OLIMPIA,diesel,7,5.39,5.32,5.728,5.26,5.74
2023-05,MUN,SP|OLIMPIA,diesel_s10,6,5.545,5.425,5.895,5.36,5.95
2023-05,MUN,SP|OSASCO,diesel,7,5.64,5.05,6.63,4.99,6.69
2023-05,MUN,SP|OSASCO,diesel_s10,15,5.49,5.03,5.81,4.89,5.99
2023-05,MUN,SP|OSASCO,gnv,1,4.44,4.44,4.44,4.44,4.44
2023-05,MUN,SP|OURINHOS,diesel,7,5.49,5.08,5.889,4.99,6.0
2023-05,MUN,SP|OURINHOS,diesel_s10,7,5.355,4.95,9.0,4.89,9.0
2023-05,MUN,SP|PARAGUACU PAULISTA,diesel,2,5.5,5.364,5.636,5.33,5.67
2023-05,MUN,SP|PARAGUACU PAULISTA,diesel_s10,6,5.283,5.09,5.57,5.09,5.67
2023-05,MUN,SP|PAULINIA,diesel,3,5.19,4.95,5.47,4.89,5.54
2023-05,MUN,SP|PAULINIA,diesel_s10,7,5.64,5.17,5.79,4.99,5.79
2023-05,MUN,SP|PINDAMONHANGABA,diesel,4,5.052,4.855,5.408,4.84,5.49
2023-05,MUN,SP|PINDAMONHANGABA,diesel_s10,10,5.225,4.968,5.71,4.77,5.89
2023-05,MUN,SP|PIRACICABA,diesel,24,5.215,4.82,5.675,4.65,6.09
2023-05,MUN,SP|PIRACICABA,diesel_s10,31,5.39,4.99,5.89,4.69,6.69
2023-05,MUN,SP|PIRASSUNUNGA,diesel,4,5.685,5.441,6.237,5.42,6.39
2023-05,MUN,SP|PIRASSUNUNGA,diesel_s10,4,5.44,5.04,5.833,4.89,5.98
2023-05,MUN,SP|POA,diesel,1,5.49,5.49,5.49,5.49,5.49
2023-05,MUN,SP|POA,diesel_s10,4,5.525,5.171,6.152,5.09,6.35
2023-05,MUN,SP|POA,gnv,1,4.09,4.09,4.09,4.09,4.09
2023-05,MUN,SP|PORTO FERREIRA,diesel,5,5.23,5.118,5.666,5.09,5.85
2023-05,MUN,SP|PORTO FERREIRA,diesel_s10,6,5.373,5.19,5.89,5.19,5.89
2023-05,MUN,SP|PORTO FERREIRA,gnv,1,5.34,5.34,5.34,5.34,5.34
2023-05,MUN,SP|PRAIA GRANDE,diesel,6,5.42,5.028,5.79,4.765,5.79
2023-05,MUN,SP|PRAIA GRANDE,diesel_s10,15,5.59,5.122,5.938,4.84,6.09
2023-05,MUN,SP|PRESIDENTE PRUDENTE,diesel,6,5.54,5.265,5.59,5.24,5.59
2023-05,MUN,SP|PRESIDENTE PRUDENTE,diesel_s10,15,5.49,5.158,5.81,4.89,6.49
2023-05,MUN,SP|PRESIDENTE VENCESLAU,diesel,7,5.59,5.42,5.954,5.24,6.08
2023-05,MUN,SP|PRESIDENTE VENCESLAU,diesel_s10,4,5.84,5.322,6.053,5.165,6.08
2023-05,MUN,SP|RIBEIRAO PIRES,diesel,2,5.215,4.995,5.435,4.94,5.49
2023-05,MUN,SP|RIBEIRAO PIRES,diesel_s10,9,5.59,4.961,5.79,4.845,5.79
2023-05,MUN,SP|RIBEIRAO PRETO,diesel,18,5.265,5.06,5.75,4.89,6.39
2023-05,MUN,SP|RIBEIRAO PRETO,diesel_s10,27,5.445,5.11,5.99,4.86,6.39
2023-05,MUN,SP|RIO CLARO,diesel,8,5.49,4.884,5.73,4.87,5.94
2023-05,MUN,SP|RIO CLARO,diesel_s10,9,5.39,4.938,5.68,4.89,6.04
2023-05,MUN,SP|RIO CLARO,gnv,1,4.99,4.99,4.99,4.99,4.99
2023-05,MUN,SP|SALTO,diesel,3,5.64,5.44,5.76,5.39,5.79
2023-05,MUN,SP|SALTO,diesel_s10,4,5.748,5.1,5.86,4.84,5.89
2023-05,MUN,SP|SANTA BARBARA D'OESTE,diesel,5,5.24,4.952,5.43,4.94,5.49
2023-05,MUN,SP|SANTA BARBARA D'OESTE,diesel_s10,6,5.415,4.99,5.59,4.99,5.59
2023-05,MUN,SP|SANTA BARBARA D'OESTE,gnv,1,4.49,4.49,4.49,4.49,4.49
2023-05,MUN,SP|SANTA CRUZ DO RIO PARDO,diesel,3,5.62,5.244,5.644,5.15,5.65
2023-05,MUN,SP|SANTA CRUZ DO RIO PARDO,diesel_s10,5,5.59,5.19,5.684,5.19,5.69
2023-05,MUN,SP|SANTO ANDRE,diesel,5,5.58,5.371,6.232,5.305,6.56
2023-05,MUN,SP|SANTO ANDRE,diesel_s10,28,5.64,5.09,6.08,4.99,6.59
2023-05,MUN,SP|SANTO ANDRE,gnv,3,4.69,4.69,4.93,4.69,4.99
2023-05,MUN,SP|SANTOS,diesel,5,5.535,4.976,5.81,4.75,5.89
2023-05,MUN,SP|SANTOS,diesel_s10,10,5.568,4.77,6.612,4.59,6.99
2023-05,MUN,SP|SAO BERNARDO DO CAMPO,diesel,5,5.49,5.144,5.61,4.98,5.69
2023-05,MUN,SP|SAO BERNARDO DO CAMPO,diesel_s10,15,5.59,5.418,6.61,4.99,6.89
2023-05,MUN,SP|SAO BERNARDO DO CAMPO,gnv,1,4.99,4.99,4.99,4.99,4.99
2023-05,MUN,SP|SAO CAETANO DO SUL,diesel,4,4.97,4.778,5.078,4.73,5.09
2023-05,MUN,SP|SAO CAETANO DO SUL,diesel_s10,11,5.29,4.8,5.99,4.69,6.29
2023-05,MUN,SP|SAO CARLOS,diesel,7,5.29,5.105,5.51,5.09,5.69
2023-05,MUN,SP|SAO CARLOS,diesel_s10,11,5.365,5.09,5.49,4.99,5.59
2023-05,MUN,SP|SAO CARLOS,gnv,3,5.09,5.09,5.098,5.09,5.1
2023-05,MUN,SP|SAO JOAO DA BOA VISTA,diesel,3,5.09,5.074,5.25,5.07,5.29
2023-05,MUN,SP|SAO JOAO DA BOA VISTA,diesel_s10,7,5.29,5.22,5.36,5.19,5.39
2023-05,MUN,SP|SAO JOSE DO RIO PRETO,diesel,17,5.19,5.036,5.53,4.99,5.99
2023-05,MUN,SP|SAO JOSE DO RIO PRETO,diesel_s10,15,5.29,5.09,5.458,5.04,5.59
2023-05,MUN,SP|SAO JOSE DOS CAMPOS,diesel,10,5.11,4.778,5.995,4.67,6.04
2023-05,MUN,SP|SAO JOSE DOS CAMPOS,diesel_s10,17,5.09,4.882,5.58,4.67,6.24
2023-05,MUN,SP|SAO JOSE DOS CAMPOS,gnv,4,4.39,4.348,4.425,4.33,4.44
2023-05,MUN,SP|SAO PAULO,diesel,43,5.19,4.865,6.148,4.59,6.99
2023-05,MUN,SP|SAO PAULO,diesel_s10,160,5.39,4.89,6.396,4.64,8.49
2023-05,MUN,SP|SAO PAULO,gnv,27,4.19,3.956,4.79,3.83,4.99
2023-05,MUN,SP|SAO ROQUE,diesel,3,5.24,5.0,5.36,4.94,5.39
2023-05,MUN,SP|SAO ROQUE,diesel_s10,8,5.39,4.946,6.06,4.89,6.69
2023-05,MUN,SP|SAO VICENTE,diesel,10,5.142,4.89,5.36,4.89,5.765
2023-05,MUN,SP|SAO VICENTE,diesel_s10,10,5.148,4.935,5.41,4.89,5.815
2023-05,MUN,SP|SERTAOZINHO,diesel,7,5.09,4.93,5.31,4.84,5.34
2023-05,MUN,SP|SERTAOZINHO,diesel_s10,9,5.24,4.89,5.61,4.89,5.69
2023-05,MUN,SP|SOROCABA,diesel,8,5.29,5.016,5.552,4.89,5.79
2023-05,MUN,SP|SOROCABA,diesel_s10,16,5.39,4.955,5.69,4.925,7.69
2023-05,MUN,SP|SUMARE,diesel,17,5.19,4.95,5.49,4.89,5.59
2023-05,MUN,SP|SUMARE,diesel_s10,20,5.34,4.99,5.82,4.94,6.19
2023-05,MUN,SP|SUZANO,diesel,9,5.28,4.882,5.574,4.85,5.59
2023-05,MUN,SP|SUZANO,diesel_s10,9,5.47,4.986,5.694,4.97,5.79
2023-05,MUN,SP|SUZANO,gnv,1,3.99,3.99,3.99,3.99,3.99
2023-05,MUN,SP|TABOAO DA SERRA,diesel,3,5.69,5.09,6.73,4.94,6.99
2023-05,MUN,SP|TABOAO DA SERRA,diesel_s10,6,5.74,5.14,5.79,4.99,5.79
2023-05,MUN,SP|TATUI,diesel,5,5.69,5.114,5.72,5.09,5.74
2023-05,MUN,SP|TATUI,diesel_s10,5,5.54,5.214,5.82,5.19,5.84
2023-05,MUN,SP|TAUBATE,diesel,5,5.39,5.0,5.93,4.92,6.09
2023-05,MUN,SP|TAUBATE,diesel_s10,11,5.44,4.97,5.84,4.69,6.24
2023-05,MUN,SP|TAUBATE,gnv,4,4.67,4.67,4.894,4.67,4.99
2023-05,MUN,SP|TUPA,diesel,3,5.42,5.216,5.556,5.165,5.59
2023-05,MUN,SP|TUPA,diesel_s10,6,5.44,5.262,5.69,5.235,5.79
2023-05,MUN,SP|UBATUBA,diesel,1,5.99,5.99,5.99,5.99,5.99
2023-05,MUN,SP|UBATUBA,diesel_s10,9,5.69,5.268,5.804,5.26,5.86
2023-05,MUN,SP|VALINHOS,diesel,7,5.29,5.05,5.594,4.99,5.75
2023-05,MUN,SP|VALINHOS,diesel_s10,11,5.39,4.99,5.79,4.94,5.87
2023-05,MUN,SP|VALINHOS,gnv,1,4.34,4.34,4.34,4.34,4.34
2023-05,MUN,SP|VARZEA PAULISTA,diesel,6,5.015,4.89,5.17,4.89,5.2
2023-05,MUN,SP|VARZEA PAULISTA,diesel_s10,7,5.14,4.99,5.336,4.99,5.39
2023-05,MUN,SP|VINHEDO,diesel,5,5.89,5.232,6.31,5.16,6.59
2023-05,MUN,SP|VINHEDO,diesel_s10,8,5.89,5.545,6.2,5.44,6.69
2023-05,MUN,SP|VOTORANTIM,diesel,1,5.75,5.75,5.75,5.75,5.75
2023-05,MUN,SP|VOTORANTIM,diesel_s10,3,5.51,5.414,5.638,5.39,5.67
2023-05,MUN,SP|VOTUPORANGA,diesel,7,5.34,5.0,5.534,4.94,5.6
2023-05,MUN,SP|VOTUPORANGA,diesel_s10,10,5.44,5.125,5.692,4.99,5.89
2023-05,MUN,TO|ARAGUAINA,diesel,13,5.09,4.782,5.53,4.69,5.89
2023-05,MUN,TO|ARAGUAINA,diesel_s10,15,5.175,4.81,5.55,4.69,5.59
2023-05,MUN,TO|GURUPI,diesel,6,5.445,5.04,5.71,4.89,5.73
2023-05,MUN,TO|GURUPI,diesel_s10,7,5.59,5.21,5.726,5.09,5.78
2023-05,MUN,TO|PALMAS,diesel,13,5.355,5.178,5.734,4.81,5.82
2023-05,MUN,TO|PALMAS,diesel_s10,23,5.69,5.14,6.09,4.88,6.09
2023-05,MUN,TO|PARAISO DO TOCANTINS,diesel,7,5.16,5.102,5.22,5.075,5.25
2023-05,MUN,TO|PARAISO DO TOCANTINS,diesel_s10,8,5.185,5.113,5.236,5.095,5.25
2023-05,MUN,TO|PORTO NACIONAL,diesel,7,5.15,4.966,5.373,4.9,5.4
2023-05,MUN,TO|PORTO NACIONAL,diesel_s10,9,5.15,5.012,5.436,4.9,5.46
